orthography,ipa
ابو,əbu
نوار,nəw:a:ɾ
ايش,e:ʃ
قال,gaːl
قال,ga:l
انك,ɪn:ək
بخير,bxei:ɾ
ان,ɪn
شاء,ʃa:
الله,ɫ:
الحمدلله,əlħəmdɪlɪl:a:
بفضل,bfʌdˤɪl
ربنا,ɾʌb:en
بس,bəs
انا,ənə
بسألك,bəsʔəlɪk
ايش,e:ʃ
قال,gaːl
على,ʕələ
وجعي,wədʒəʕ
ماقال,maːgaːl
شي,ʃei
المهم,almʊhɪm
سل,sʊl
الحمدلله,əlħəmdɪl:a:
على,ʕələ
كل,kʊl:ɪ
حال,ħaːl
المهم,almʊhɪm
ايش,e:ʃ
سار,sˤ:a:ɾ
في,fi
جواز,dʒʊwaːz
رضوان,ɾɪdˤwa:n
لسا,lɪsːə
ماسوينا,ma:səw:ei:nə
شي,ʃei
ياريت,ja:ɾei:t
تستعجلو,tɪstʌʕdʒɪlʊ
يامينا,jaːmiːnə
بدي,bɪd:ɪ
الحق,əlħʌg
اتطمن,ətˤ:m:ʌn
عليه,ʕəle:
بلاش,bəlaːʃ
من,mɪn
هدا,ha:ðə
الكلام,əlkəla:m
ي,jə
شيخ,ʃeiːx
الموت,əlmo:t
علينا,ʕəleinə
حق,ħʌg
يامينا,jaːmiːnə
المهم,almʊhɪm
نلحق,nɪlħʌg
امانينا,əmaːni:nə
ولا,wel:ə
لا,lʌʔ
بدي,bədːɪ
اتطمن,ətˤ:m:ʌn
عليه,ʕəle:
قبل,gəbɪl
مايلمني,ma:jlʊmːənɪ
التراب,t:ʊɾa:b
درويش,deɾwiʃ
مين,mi:n
اللي,əl:i
طلب,tˤələb
التاني,ətːaːni
للميدان,lɪlmei:da:n
انتا,ɪntə
اللي,l:i
طلبت,tˤəlʌbt
اجل,ədʒəl
خلاص,xəla:sˤ
سيبك,si:bək
من,mɪn
اللكلكة,əl:ʌkləkə
و,w
اللف,əlːʌf
و,w
الدوران,ədːəwəɾaːn
و,w
اليد,əljʌd:
الضعيفة,ədˤːəʕifə
ماتقدر,maːtɪgdəɾ
تشيل,tɪʃi:l
شوونك,ʃo:nək
قدام,gʊd:a:m
الرجال,əɾ:ɪdʒa:l
ايش,e:ʃ
تقصد,tɪgsˤʊd
يا,jə
غيس,ɣe:s
قصدي,gʌsˤdi
باين,ba:jɪn
خايف,xa:jɪf
والخوف,wəlxo:f
عماك,ʕəma:k
قاعد,ga:ʕɪd
تدور,tɪəw:ɪɾ
اي,əj:ɪ
عزر,ʕʊzʊɾ
عشان,ʕəʃa:n
تملص,tɪmlʊsˤ
خايف,xa:jɪf
تواجهني,tɪwa:dʒɪhnɪ
يا,jə
درويش,deɾwiʃ
خايف,xa:jɪf
ماعشت,maːʕɪʃt
ولا,wel:ə
كنت,kʊnt
المعلم,almʕl:ɪm
درويش,deɾwiʃ
مشكل,mɪʃkɪl
حارة,ħaːɾət
الشيخ,əʃ:e:x
ازا,ɪzə
اخاف,əxa:f
من,mɪn
واحد,wa:ħɪd
زيك,zʌj:ʌk
طيب,tˤej:ɪb
طيب,tˤej:ɪb
روق,ɾəwːɪg
ي,jə
درويش,deɾwiʃ
روق,ɾəwːɪg
اشرب,əʃɾəb
شاهي,ʃaːhə
انتا,ɪntə
اللي,əl:i
نسيت,nsi:t
انو,ɪn:u
عندك,ʕɪndək
ولد,wʌlʌd
اسمو,ɪsmʊ
ياسين,jaːsiːn
يبو,jəbʊ
ياسين,ja:si:n
اصحى,əsˤħə
اسمعك,əsməʕək
تاني,taːnɪ
تزهمني,tɪzhəmnɪ
وتقولي,wʊtgʊl:ɪ
يبو,jəbʊ
ياسين,ja:si:n
فاهم,fa:hɪm
يا,jə
واد,waːd
انا,ənə
ماعندي,ma:ʕɪndɪ
اولاد,əwla:d
يتركوا,jɪtɾʊku
ابوهم,əbu:hʊm
وهو,whʊw:ə
محتاجهم,mɪħta:dʒəhʊm
ويروحوا,wiɾu:ħʊ
يطاطيوا,jtˤatˤɪʔʊ
راسهم,ɾaːsəhʊm
لواحد,lɪwa:ħɪd
تاني,taːnɪ
فاهم,fa:hɪm
يواد,jəwaːd
مين,min
ابوك,əbuːk
انا,ənə
ولا,wel:ə
درويش,deɾwiʃ
انا,ənə
ابويا,əbu:jə
ابو,əbu
الشوش,aʃ:u:ʃ
اللي,əl:i
من,mɪn
يوم,jo:m
اتولت,ətwəlʌt:
ماكان,maːkaːn
يحب,jɪħʊb
احد,əħəd
يزهمو,jɪzhəmʊ
بأبو,bəbʊ
ياسين,ja:si:n
ولا,welə
هو,hʊw:ə
حب,ħʌb
يغير,jɪɣəjːɪɾ
اسمو,ɪsmʊ
من,mɪn
ابو,əbʊ
الشوش,aʃ:u:ʃ
لابو,ləbʊ
ياسين,ja:si:n
هدي,ha:də
حاجة,ħa:dʒə
ترجعلي,tɪɾdʒʌʕlɪ
و,w
مهو,məhʊ
انتا,ɪntə
اللي,əl:i
تحاسبني,tħa:sɪbni
عليها,ʕəle:hə
يسير,jesi:ɾ
حتى,ħət:ə
شغلي,ʃʊɣli
مع,məʕ
درويش,deɾwiʃ
شي,ʃeɪ
راجعلي,ɾaːdʒɪʕlɪ
ومو,mu:
انتا,ɪntə
اللي,əl:i
تحاسبني,tħa:sɪbni
عليه,ʕəle:
يبو,jəbʊ
الشوش,əʃ:u:ʃ
انا,ənə
اتعلمت,ətʕəl:mt
ف,fɪ
دكانك,dʊk:a:nək
كيف,kei:f
اسوي,əsəw:i
شوني,ʃo:nɪ
بيدي,bjəd:ɪ
درويش,deɾwiʃ
علمني,ʕəlːɪmni
كيف,kei:f
اخلي,əxəl:ɪ
الشون,əʃ:o:n
لعبة,lɪʕbə
فيدي,fjəd:ɪ
اتعلمت,ətʕəl:mt
عندك,ʕɪndək
كيف,kei:f
ابيع,əbiːʕ
الشون,əʃ:o:n
لكن,la:kɪn
درويش,deɾwiʃ
علمني,ʕəlːɪmni
كيف,kei:f
اندر,ənədːɪɾ
الشون,əʃ:o:n
واضرب,wədˤɾʊb
على,ʕələ
راس,ɾa:s
العدو,əlʕədʊ
اللي,əl:i
بدو,bɪdːʊ
يضربني,jɪdˤɾʊbni
عطية,ʕətˤi:jʌt
المعلم,almʕl:ɪm
درويش,deɾwiʃ
تنرد,tɪnɾʌd
يواد,jew:ad
ايش,e:ʃ
الكلام,əlkəla:m
دا,da:
ي,jə
سمعة,sʊmʕə
مارضيت,ma:ɾɪdˤjʌt
تاهخدها,ta:xʊdhə
ي,jə
معلم,mʕl:ɪm
واعتبرتها,wʌʕtəbəɾəthə
اهانة,ɪha:nə
البنت,əlbɪnt
المفروفة,əlməfɾu:fə
هدي,ha:də
تبغى,tɪbɣə
تعلمنا,tʕəlːmnə
الادب,əlʔədəb
ولا,wel:ə
كيف,ke:f
وكمان,wkəmaːn
حملتني,ħʌm:əlʌtnɪ
رسالة,ɾɪsal:ə
اوصلها,əwəsˤ:ɪlhə
للمعلم,lɪlmʕʌl:ɪm
درويش,deɾwiʃ
والله,wəɫ:ɔ
عال,ʕa:l
كمان,kəma:n
تبغى,tɪbɣə
ترسل,tɪɾsɪl
رسايل,ɾəsa:jɪl
ي,jə
واد,wa:d
كمل,kəm:ɪl
قول,gu:l
ايش,e:ʃ
قالت,gaːlət
ي,jə
معلم,mʕl:ɪm
درويش,deɾwiʃ
قالتلي,ga:lʌtli
قول,gu:l
لدرويش,lɪdeɾwiʃ
دم,dʌm
سيدي,si:dɪ
لساتو,lɪs:a:tʊ
حار,ħa:ɾ
ومو,wmʊ
انا,ənə
اللي,əl:i
حخليه,ħəxəl:i:h
يبرد,jɪbɾəd
اسار,əs:a:ɾ
فلبنت,fɪlbɪnt
هادي,ha:dɪ
هدي,ha:də
اتجننت,ətʒən:ənət
ولا,wel:ə
كيف,ke:f
يعني,jeʕnə
حمدان,ħʌmda:n
الرسالة,əɾːɪsaːlə
وصلت,wɪsˤlət
والمغزى,wəlməɣzə
مفهوم,məfhu:m
هدي,ha:də
ايش,e:ʃ
تبغى,tɪbə
تقول,dgu:l
ي,jə
معلم,mʕl:ɪm
بتزكرنا,bɪtzəkɪɾna:
بأبوها,bəʔbuːhə
سليمان,sle:ma:n
ي,jə
معلم,mʕl:ɪm
حمدان,ħʌmda:n
اهلا,əhlən
ابو,əbu
لطيفة,lətˤi:fə
نورت,nəw:əɾʌt
جدة,dʒɪdːə
اهلا,əhlən
وسهلا,wəsəhlən
سلامة,səla:mət
الاسفار,əlʔəsfa:ɾ
ي,jə
سيدي,si:dɪ
فين,fe:n
درويش,deɾwiʃ
ي,jə
واد,wa:d
ي,jə
حمدان,ħʌmda:n
شيبة,ʃe:ba
بس,bəs
ي,jə
واد,wa:d
اهجد,əhdʒʊd
درويش,deɾwiʃ
ماهو,ma:hʊ
في,fi:
ي,jə
معلم,mʕl:ɪm
تبغاني,tɪbɣaːnɪ
اوصله,əwʌsˤ:ɪl:ʊ
شي,ʃei
احنا,ɪħnə
غلطنا,ɣlɪtˤnə
عشان,ʕəʃa:n
صدقنا,sˤəd:ʌgnə
الواد,əlwa:d
ال,əl
الصرنقع,əsˤ:əɾʌŋgəʕ
دا,da:
تؤمرنا,tʊʔmʊɾnə
بإيش,bʔe:ʃ
لازم,la:zɪm
يرجع,jɪɾdʒəʕ
يتعلم,jɪtʕʌlːʌm
من,mɪn
جديد,dʒədi:d
يرجع,jɪɾdʒəʕ
بزرة,bɪzɾə
جاك,dʒaːk
الهرج,əlhəɾʒ
وجب,wədʒʌb
ي,jə
معلم,mʕl:ɪm
وتاخد,wʊtaːxʊd
منو,mɪn:u
غلة,ɣʌl:et
السوق,əs:u:g
ولعد,wlʌʕʌd
يندر,jɪndʊɾ
السوق,əs:u:g
وزا,wɪza:
ندر,nədəɾ
يندر,jɪndʊɾ
مع,məʕ
اللي,əl:i
احطو,əħʊtˤ:ʊ
انا,ənə
فاهم,fa:hɪm
طيب,tˤej:ɪb
حنحط,ħənħʊtˤ
مين,min
بدالو,bədaːlʊ
ي,jə
معلم,mʕl:ɪm
اسماعيل,ɪsma:ʕi:l
ها,ha:
ي,jə
واد,wa:d
ي,jə
سمعة,sʊmʕə
انتا,ɪntə
قدها,gəd:əhə
قدها,gəd:əhə
ي,jə
معلم,mʕl:ɪm
خلاص,xəla:sˤ
ي,jə
حبيبي,ħəbi:bɪ
ماصار,ma:sˤa:ɾ
شي,ʃei
ما,ma:
تزعل,tzʌʕ:ɪl
نفسك,nəfsʌk
الا,ɪl:ə
الا,ɪl:ə
صار,sˤa:ɾ
شي,ʃei
يعني,jeʕnə
انا,ənə
ي,jə
امي,ʊm:ɪ
اتعنى,ətʕənːə
و,w
اروح,aːɾuːħ
الين,əle:n
السوق,əs:u:g
عشان,ʕəʃa:n
اشتريلو,əʃtəɾiːlʊ
هدية,hʌdi:jə
يقوم,jɪguːm
يكسر,jɪksɪɾ
بخاطري,bɪxa:tˤɾɪ
كدا,kɪdə
بالله,bɪl:a:
انا,ənə
ايش,e:ʃ
سويتلو,səwːe:tʌlːʊ
طيب,tˤej:ɪb
عطر,ʕɪtˤɪɾ
تجيب,tɪʒi:b
لابوك,ləbuːk
عطر,ʕɪtˤɪɾ
و,w
انتا,ɪntə
تعرف,tɪʕɾɪf
انو,ɪn:u
هدي,ha:də
الاشياء,ələʃjaʔ
ما,ma:
تمر,tmʊɾ
عليه,ʕəle:
هذي,ha:ðɪ
الاشياء,ələʃjaʔ
تعتبر,tʊʕtəbəɾ
عيب,ʕeːb
قدام,gʊd:a:m
صبيانو,sˤʊbjaːnʊ
ي,jə
امي,ʊm:i
حطي,ħʊtˤːɪ
نفسك,nəfsɪk
مكاني,məkaːnɪ
ابغى,əbɣə
اجيب,ədʒiːb
لابويا,lɪʔ̃əbuːjə
هدية,hʌdi:jə
ماشفت,maːʃʊft
حاجة,ħa:dʒə
عليها,ʕəle:hə
القيمة,lgiːmə
الا,ɪl:ə
غير,ɣe:ɾ
دا,da:
الشي,ʃ:ei
طب,tˤəb
حتى,ħət:ə
لو,ləw
ماعجبو,maːʕədʒəbətʊ
يقلي,jɪgʊlːɪ
ماعجبني,maːʕədʒəbnɪ
يضربني,jɪdˤɾʊbni
كف,kʌf
لطشني,lʌtˤəʃnɪ
كف,kʌf
قدام,gʊd:a:m
حمدان,ħʌmda:n
خلاص,xəla:sˤ
ي,jə
حبيبي,ħəbi:bɪ
ازا,ɪzə
هو,hʊw:ə
مايبغاه,maːjɪbɣaː
انا,ənə
اخدو,a:xdʊ
بس,bəs
اهم,əhʌm
شي,ʃei
انك,ɪn:ʌk
انتا,ɪntə
ماتزعل,maːz:əʕːɪl
نفسك,nəfsʌk
يحتجلك,jɪħtədʒlɪk
منتي,məntɪ
كمان,kəma:n
تبي,tɪbɪ
تزبطي,z:əbɪtˤɪ
نفسك,nəfsʌk
بس,bəs
العطر,əlʕɪtˤɪɾ
اتكبكب,ətkʌbkʌb
لمن,ləm:ən
لسعني,ləsʌʕnɪ
ايوا,i:wə
خلاص,xəla:sˤ
حعطيكي,ħəʕtˤikɪ
هوا,hʊw:ə
دا,da:
كلام,kəlaːm
دا,də
وانتا,wɪntə
ايش,e:ʃ
لك,lʌk
اذا,əða
كان,kɑn
صح,sˤʌħ
ولا,wel:ə
لاا,lʌʔ
بعدين,bəʕdei:n
انتا,ɪntə
ليه,le:
قاعد,ga:ʕɪd
تسأل,tɪsʔ̃ʌl
عنو,ʕənːʊ
كتير,kəti:ɾ
اصلا,əsˤlən
انا,ənə
حبيت,ħəbe:t
اتطمن,ətˤ:m:ʌn
قلت,gʊlt
يمكن,jɪmkɪn
يدك,jʌdːək
التقيلة,ətːəgiːlə
اللي,əl:i
جات,dʒaːt
على,ʕələ
وشو,wəʃːʊ
داك,daːk
اليوم,əljo:m
زعلته,zəʕːələtʊ
منك,mɪn:ʌk
هادا,ha:də
شي,ʃei
بيننا,beːnənə
احنا,ɪħnə
اصحاب,əsˤħaːb
انتا,ɪntə
لا,laː
تدخل,dːəxːl
نفسك,nəfsʌk
فيه,fiː
خليك,xəlːiːk
في,f
شغلك,ʃʊɣlʌk
يواد,jəwaːd
فاهم,fa:hɪm
تومرني,tʊʔmʊɾnɪ
يامعلم,jəmʕlːim
حاضر,ħaːdˤɪɾ
ابشر,əbʃɪɾ
آا,aː
سمبل,sʊmbʊl
هلا,hələ
يامعلم,jəmʕəlːɪm
حلاوتك,ħələwtək
طازة,tˤa:zə
وطرية,wtˤəɾɪj:ə
اليوم,əljo:m
ولا,wel:ə
كيف,ke:f
اكيد,əkiːd
طرية,tˤəɾɪj:ə
زي,zəɪ
طراوة,tˤəɾaːwʌt
اياديكم,əjaːdiːkʊm
علي,ʕəlej:ə
ياسيدي,jəsiːdɪ
الله,aɫ:ɔ
عليك,ʕəle:k
وعشان,wʊʕəʃaːn
تفضل,tɪfdˤəl
يدنا,jədːənə
واشواننا,wəʃwaːnənə
طرية,tˤəɾɪj:ə
عليك,ʕəle:k
ومانكسرلك,wmaːnksɪɾlək
راصك,ɾaːsˤʌk
هات,ha:t
المعلوم,əlmʌʕlu:m
يلا,jʌɫːə
لو,ləw
كان,kɑn
معايا,məʕa:jə
ماكان,maːkaːn
عطلتك,ʕʌtˤ:ʌltək
يامعلم,jəmʕəlːɪm
اعطيني,əʕtˤiːnɪ
فرصة,fʊɾsˤə
يومين,jo:me:n
تلاتة,təlaːtə
اجيبو,ədʒibʊ
لعندك,lʕɪndək
ولعند,wʊlʕɪnd
المعلم,almʕl:ɪm
درويش,deɾwiʃ
كلامك,kəla:mʌk
دا,daː
ماينفعني,maːjɪnfəʕni
طلع,tˤʌlːɪʕ
فلوسك,fʊluːsək
يلا,jʌɫːə
وهات,wha:t
المعلوم,əlmʌʕlu:m
ولا,wel:ə
افشفشلك,əfəʃfɪʃlək
راصك,ɾasˤʌk
بلغازي,bɪlɣaːzɪ
الغازي,əlɣaːzɪ
سار,sˤa:ɾ
يهدد,jhʌdːɪd
الناس,ənːaːs
بالظلم,bɪðˤːʊlm
والعدوان,wəlʕɪdwaːn
ياخسارتك,jaxsa:ɾtɪk
ياجدة,jədʒɪdːə
ياشيخ,jʃe:x
سالم,sa:lɪm
الله,aɫ:ɔ
يرضى,jɪɾdˤə
عليك,ʕəle:k
قول,gʊl
لخوك,ləxu:k
اسماعيل,ɪsma:ʕi:l
يعطيني,jɪʕtˤiːnɪ
مهلة,mʊhlə
ولا,wel:ə
انا,ənə
ادبر,ədəbːɪɾ
الفلوس,əlfɪluːs
يا,jə
سمبل,sʊmbʊl
اللي,əl:i
واقف,wa:gɪf
قدامك,gʊdːaːmək
دا,da:
لو,ləw
افتكر,əftəkəɾ
انو,ɪn:u:
له,lu:
اخ,ax
رباه,ɾʌb:a:
عالقرآن,ʕəlqʊɾʔaːn
ماكان,ma:ka:n
يستجري,jɪstədʒɾɪ
انه,ɪn:u
ويرفع,jɪɾfəʕ
شونه,ʃo:nʊ
على,ʕələ
الناس,ənːaːs
على,ʕələ
شان,ʃaːn
يرهبهم,ɪɾhɪbhʊm
لا,la:
هو,hʊwːə
ولا,wel:ə
معلمه,mʕəlːɪmʊ
درويش,deɾwiʃ
اصحى,əsˤħə
تجيب,tʒi:b
سيرة,siːɾət
المعلم,əlmʕl:ɪm
درويش,deɾwiʃ
على,ʕələ
لسانك,lsa:nək
فاهم,fa:hɪm
ياشيبة,jəʃe:bə
واصحى,wa:sˤħə
انتا,ɪntə
تتكلم,tɪtkəlːəm
زي,zəɪ
كدا,kɪdə
مع,məʕ
الشيخ,əʃ:e:x
فاهم,fa:hɪm
ولا,wel:ə
لا,la:
اعرف,əʕɾɪf
انتا,ɪntə
بتكلم,bɪtkəlːɪm
مين,mi:n
شيخ,ʃe:x
سالم,sa:lɪm
هدا,ha:də
شغلي,ʃʊɣli
لا,la:
ماهو,ma:hʊ
شغل,ʃʊɣʊl
هدا,ha:də
خصارة,xsˤaːɾə
خصارة,xsˤaːɾə
دنيا,dʊnjə
ودين,wdiːn
هدا,ha:də
طريق,tˤəɾiːg
انا,ənə
اخترتو,əxtəɾtʊ
ومابغا,wmaːbɣə
اي,ʔj:
احد,əħəd
يوقف,ju:gəf
فيه,fi:
وانا,wənə
ماراح,ma:ɾa:ħ
اوقفلك,əwgəflək
فيه,fi:
ولا,wel:ə
راح,ɾa:ħ
اقدر,əgdəɾ
امنعك,əmnəʕək
لكن,la:kɪn
انا,ənə
بدي,bɪd:ə
اقولك,əgʊl:ək
نصيحة,nəsˤiːħə
لا,laː
ي,jə
سماعيل,smaːʕiːl
لا,la:
يخويا,jəxu:jə
الله,aɫ:ɔ
يهديك,jɪhdi:k
و,w
يصلحك,ɪjɪsˤlɪħʌk
لاتسوي,la:
ف,tsəwːɪ
الناس,fɪnːaːs
وفنفسك,wʊfnəfsək
كده,kɪdə
خد,xʊd
يا,ja:
سمبل,sʊmbʊl
اديهم,ədːiːhʊm
الفلوس,əlfəluːs
اللي,əl:i
يبغوها,jɪbɣuːhə
ازا,ɪzə
كان,ka:n
بدهم,bɪdəhʊm
الدنيا,ədːɪnjə
اما,əmːə
ازا,ɪzə
كان,ka:n
بدهم,bɪdːəhʊm
الآخرة,əlʔ̃a:xɾə
فالمفروض,fəlməfɾuːdˤ
يعتقوك,jɪʕtɪguːk
لوجه,lwəʒhɪ
الله,ɪla:
ويعتقوا,wɪjɪʕtɪgʊ
الناس,ənːaːs
كمان,kəma:n
حسبي,ħʌsbɪ
الله,aɫ:ɔ
ونعم,wənɪʕmə
الوكيل,əlwəki:l
حسبي,ħʌsbɪ
الله,aɫ:ɔ
ونعم,wənɪʕmə
الوكيل,əlwəki:l
مو,mʊ
معقول,məʕgu:l
الكلام,əlkəla:m
دا,da
ايش,e:ʃ
اللي,əl:i
مو,mu
معقول,məʕgu:l
هدي,ha:dɪ
فلاوانات,fələwaːnaːt
من,mɪn
عيلة,ʕeːlət
السيد,əsːəjːɪd
باشا,baːʃə
فيها,fi:hə
يكون,jɪku:n
لعب,lɪʕɪb
لا,la
لا,la
هي,hi:j:ə
ما,ma:
فيها,fi:hə
لعب,lɪʕɪb
ولا,wələ
شي,ʃəɪ
بس,bəs
انتا,ɪntə
غير,ɣe:ɾ
عن,ʕʌn
العمدة,alʕʊmdə
التانيين,ətːaːniːn
وخالي,wʊxa:lɪ
عبدالله,ʕəbdˤʌɫ:ʌ
ماراح,ma:ɾa:ħ
يسكتلهم,jɪskʊtləhʊm
ماهي,ma:hɪ
المشكلة,lmʊʃkɪlə
من,mɪn
خالك,xa:lɪk
عبدالله,ʕəbdʌɫ:ʌ
هو,hʊw:ə
اللي,əl:i
قلي,gʌl:i
الخبر,əlxʌbəɾ
وطش,wʊtˤʌʃ:
الخبر,əlxʌbəɾ
في,fɪ
وجهي,wəʒhɪ
كدا,kɪdə
يعني,jeʕnə
حتى,ħət:ə
ماراعى,maːɾaːʕə
النسب,ənːəsəb
اللي,ɪl:i
بيننا,be:nənə
وعلى,wʕələ
قولك,go:lɪk
انو,ɪn:u
انتا,ɪntə
غالي,ɣaːlɪ
عند,ʕɪnd
خالي,xa:lɪ
عبدالله,ʕəbdʌɫ:ʌ
ولا,wələ
غالي,ɣaːlɪ
ولا,wələ
شي,ʃei
تصدق,tɪtˤəd:ɪg
ولا,wel:ə
احلفلك,əħlɪflək
ترا,təɾə
غلاتك,ɣəla:tək
من,mɪn
غلاتي,ɣəla:tɪ
عندهم,ʕɪndʌhʊm
بلكن,bʌlkɪn
لساني,lɪsa:nɪ
يفرق,jɪfɾɪg
عن,ʕʌn
لسانك,lɪsa:nək
شويا,ʃwej:ə
عدات,ʕɪda:t
ايش,e:ʃ
تقصدي,tɪgsˤʊdɪ
يعني,jeʕnə
بكرة,bʊkɾə
من,mɪn
الفجرية,əlfəʒɾi:j:ə
اروحلو,əɾʊħlʊ
واكتلو,wəkʊt:əlʊ
الهرجة,lhəɾdʒə
ولا,welə
اجيك,ədʒiːk
بإزن,bɪʔɪzɪn
واحد,wa:ħɪd
احد,əħəd
الا,ɪl:ə
وانا,wənə
جايبالك,dʒeɪba:lək
الخبر,əlxʌbəɾ
اللي,əl:i
يريح,jɪɾej:ɪħ
بالك,ba:lək
الله,aɫ:ɔhʊ
اكبر,əkbəɾ
ايي,ej
الله,aɫ:ɔ
اكبر,əkbəɾ
ايوا,i:wə
بس,bəs
ارجوكي,əɾdʒuːkɪ
لما,ləm:ə
تروحيلو,tɾuːħi:lʊ
اصحك,əsˤħɪk
تقولي,tɪguːlɪ
انو,ɪn:u
ابو,əbu
سعد,səʕəd
هو,hʊw:ə
اللي,əl:i
ارسلني,əɾsəlnɪ
ترا,tʌɾə
عيبة,ʕe:bə
فحقي,fħəg:ɪ
يهوه,jəho:
ترا,tʌɾə
ازعل,əzʕəl
منك,mɪn:ʌk
لا,la
لا,la
تكفى,təkfə
ايوا,i:wə
يعني,jeʕnə
هي,hi:jə
هدي,ha:də
حاجة,ħa:dʒə
تفوتني,tfuːtənɪ
انا,ənə
يهوه,jəho:
بس,bəs
المهم,almʊhɪm
انتا,ɪntə
صفيلي,sˤəfːiːlɪ
بالك,ba:lək
شويا,ʃwej:ə
حاظر,ħaːðˤɪɾ
مو,muː
عند,ʕɪnd
جميلة,dʒəmiːlə
فرفشة,fəɾfəʃə
وروقان,wɾəwəgaːn
والظحكة,wəðˤːɪħkə
من,mɪn
هنا,hɪnə
لهنا,lhɪnə
وعندي,wʕɪndɪ
نكد,nəkəd
وهموم,whmu:m
وعكننة,wʕəknənə
الله,aɫ:ɔ
يعكنن,jʕənɪn
عليها,ʕəle:hə
واقفتلي,waːgfətlɪ
زي,zej:
اللقمة,əlːʊgmə
ف,fɪ
الزوء,zːo:ʔ
سلامة,səlaːmət
زورك,zo:ɾɪk
ي,jə
ست,sɪt:
الكل,əlkʊl
ي,jə
حبيبة,ħəbiːbət
القلب,əlgəlb
انتي,ɪntɪ
شوفي,ʃuːfɪ
لو,ləw
جبتيلي,dʒɪbtiːlɪ
الخبر,lxʌbəɾ
اللي,əl:i
ابغاه,əbɣaːh
واحبو,waːħʊbːʊ
ايوا,i:wə
صدقيني,sˤʌdːɪgiːnɪ
لا,la:
انسيكي,nəsːiːkɪ
الهم,əlhəm
والغم,wəlɣəm
والنكد,wənːəkəd
ولا,welə
يكون,jku:n
خاطرك,xa:tˤɾɪk
الا,ɪl:ə
زي,zej
العسل,əlʕəsəl
نشوف,nɪʃuːf
ابشري,əbʃɪɾɪ
ااكلك,əʔ̃kːɪlɪk
رمان,ɾʊmːaːn
رمان,ɾʊmːaːn
من,mɪn
اللي,əl:i
يحبو,jħʊbːʊ
قلبك,gəlbɪk
قولي,guːlɪ
بسم,bɪsm
الله,əl:a:
قولي,guːlɪ
بسم,bɪsm
ال,əl:
بموية,bɪmoːjət
الورد,əlwəɾd
قولي,guːlɪ
بسم,bɪsm
الله,əl:a:
طيب,tˤej:ɪb
بسم,bɪsm
الله,əl:a:
اللهم,əɫːɔhʊmːə
صلي,sˤʌlːɪ
ع,ʕə
النبي,nːəbɪ
ماتوقعت,ma:twəgːəʕt
خالي,xa:lɪ
درويش,deɾwiʃ
بيسوي,biːsəwːɪ
معانا,mʕa:nə
كدا,kɪdə
مايسوي,maːjsəwːɪ
معانا,mʕa:nə
كل,kʊl
اللي,əl:i
سواه,səwːaː
خاصة,xa:sˤ:ətən
معاك,məʕa:k
انتا,ɪntə
يبويا,jebujə
لنك,lənːək
بزرة,bɪzɾə
واهبل,wəhbəl
ومنتا,wməntə
فاهم,fa:hɪm
شي,ʃei
احنا,ɪħnə
ايش,e:ʃ
استفدنا,əstəfədnə
ي,jə
ولدي,wələdɪ
نوار,nəw:a:ɾ
ايش,e:ʃ
استفدنا,əstəfədnə
حالنا,ħaːlənə
واقف,wa:gɪf
وخصارة,wxəsˤaːɾə
وكلو,wkʊlːʊ
من,mɪn
طولة,tˤuːlət
لسانك,lɪsa:nək
وقلة,wgɪlːət
عقلك,ʕəglək
يبويا,jebujə
انا,ənə
غلطان,ɣəltˤaːn
انا,ənə
غلطان,ɣəltˤaːn
واعترف,wəʕtəɾɪf
بشي,bɪʃːəɪ
دا,da
حاسبني,ħaːsɪbnɪ
يبويا,jebujə
يبويا,jebujə
يبويا,ħaːsɪbnɪ
حاسبني,jebujə
عاتبني,ʕaːtɪbnɪ
سوي,səwːɪ
اللي,l:i
تسويه,tsəwːiː
ولا,welə
تكون,tku:n
مكسور,məksuːɾ
يبويا,jebujə
الله,aɫ:ɔ
يخليك,jxli:k
لاتكون,la:tku:n
مكسور,məksuːɾ
يبويا,jebujə
يولدي,jewələdɪ
انا,ənə
ماقدر,ma:gdəɾ
احاسبك,əħaːsbək
انا,ənə
عارف,ʕa:ɾɪf
انك,ɪn:ʌk
انتا,ɪntə
واقف,wa:gɪf
عشاني,ʕəʃaːnɪ
عشان,ʕəʃa:n
تشيل,tɪʃi:l
حمل,ħəml
السنين,əs:ɪni:n
هدي,ha:də
كلها,kʊl:əhə
من,mɪn
فوق,fo:g
ضهري,dˤəhɾɪ
بس,bəs
يولدي,jewʌlədɪ
مو,mu:
بهدي,bha:dɪ
الطريقة,tˤːɾiːgə
الدنيا,əd:ʊnjə
هدي,ha:də
فيها,fiːhə
ناس,na:s
تزلم,tɪzˤlɪm
وناس,wna:s
تنظلم,tɪnðˤəlɪm
انا,ənə
دايما,da:jmən
ادعي,ədʕɪ
ربنا,ɾəbːənə
يولدي,jewʌlədɪ
ي,jə
رب,ɾəb
ما,mə
اكون,ʔku:n
زالم,zˤa:lɪm
ولا,welə
اكون,ʔku:n
مفتري,mʊftəɾɪ
وحتى,wħətːə
لو,ləw
احد,əħəd
زلمني,zˤʌləmnɪ
ادعي,ədʕɪ
انو,ɪn:u
ربي,ɾəbːɪ
ياخدلي,jaːxʊdlɪ
حقي,ħəgːɪ
منو,mɪnːʊ
يارب,jaːɾəb
يبويا,jebujə
يارب,jaːɾəb
يبويا,jebujə
يعني,jeʕnə
مين,miːn
اللي,əl:i
يرضى,jɪɾdˤə
يكون,jɪku:n
مزلوم,məzˤluːm
ولا,wel:ə
مغصوب,məɣsˤuːb
حقو,ħəgːʊ
محد,mʌħəd
يرضى,jɪɾdˤə
يولدي,jewʌlədɪ
بس,bəs
اتزكر,ətzəkːəɾ
ربنا,ɾəb:enə
موجود,məwdʒuːd
وماقول,wmaːguːl
الا,əl:ə
حسبنا,ħəsʊnə
الله,aɫ:ɔ
ونعم,wɪnəʕm
الوكيل,əlwəki:l
انا,ənə
جيت,dʒi:t
فموضوع,fɪməwdˤuːʕ
العمدة,alʕʊmdə
ابو,əbu
سعد,səʕəd
ايوا,i:wə
بس,bəs
يعني,jeʕnə
مقامكم,mʌqa:məkʊm
الكريم,əlkəɾi:m
كدا,kɪdə
فيه,fiː
نكتة,nʊktə
احب,əħʊb
اوضحها,əwədˤːɪħhə
العمدة,alʕʊmdə
ابو,əbu
سعد,səʕəd
عمدة,ʕʊmdə
ولد,wələd
عمدة,ʕʊmdə
والعمودية,wəlʕʊmuːdɪjːə
هدي,ha:də
ف,f
بيتهم,be:təhʊm
من,mɪn
زمان,zəm:a:n
وبصراحة,wʊbsˤəɾaːħə
هو,hʊw:ə
احسن,əħsən
واحد,wa:ħɪd
يفهم,jɪfhəm
فيها,fi:hə
فبقول,fəbəguːl
يعني,jeʕnə
لو,ləw
تخليه,txʌl:i:
فمنصبو,fmənsˤɪbʊ
راح,ɾa:ħ
يفيدك,jɪfiːdək
كتير,kəti:ɾ
معاك,məʕa:k
حق,ħʌg
رشيد,ɾəʃiːd
باشا,baːʃə
العزيم,lʕəzˤiːm
اللي,əl:i
سار,sa:ɾ
تقليل,təqliːl
وتقدير,wtəqdiɾ
من,mɪn
مقامكم,mʌqa:məkʊm
الكريم,əlkəɾi:m
بس,bəs
اا,a:
انا,ənə
عندي,ʕɪndə
فكرة,fɪkɾə
بلكن,bʌlkɪn
يعني,jeʕnə
تزبط,tɪzəbːɪtˤ
الامور,əlʔʊmuːɾ
وو,wuː
للتجربة,lɪtːədʒɾʊbə
يعني,jeʕnə
بعد,beʕd
ازنكم,ɪznəkʊm
الكريم,əlkəɾi:m
لو,ləw
نعطيه,nɪʕtˤiː
مهلة,mʊhlə
كدا,kɪdə
ويي,wiː
نشوف,nʃuːf
لو,ləw
فشل,fɪʃɪl
يسير,jesi:ɾ
اللي,əl:i
يشوفو,jʃuːfʊ
مقامكم,mʌqa:məkʊm
الكريم,əlkəɾi:m
معايا,məʕa:jə
انا,ənə
بس,bəs
اا,a:
خلاص,xəla:sˤ
خلاص,xəla:sˤ
اللي,əl:i
يشوفو,jʃuːfʊ
مقامكم,mʌqa:məkʊm
الكريم,əlkəɾi:m
بتغصبيني,bɪtɪɣsˤɪbiːnɪ
عليها,ʕəle:hə
ليش,le:ʃ
طيب,tˤej:ɪb
يعني,jeʕnə
انتا,ɪntə
تبغاها,tɪbɣaːhə
تكون,tku:n
بطالة,bʌtˤːaːlə
ليش,le:ʃ
والله,wəɫ:ɔ
امرك,əmɾɪk
عجيب,ʕədʒiːb
يا,jə
ام,ʔ̃ʊm
حمزة,ħəmzə
مو,muː
انتي,ɪntɪ
تبغيني,tɪbɣiːnɪ
اكل,aːkʊl
منها,mɪnːəhə
عشان,ʕəʃa:n
اسير,əsiːɾ
الواد,əlwa:d
القوي,əlgəwɪ
الكرسوع,əlkəɾsuːʕ
الهروشي,əlhəɾuːʃɪ
اللي,əl:i
مايخاف,maːjxa:f
من,mɪn
احد,əħəd
لا,la:
من,mɪn
ديب,diːb
ولا,wel:ə
من,mɪn
سبع,səbɪʕ
ايوا,i:wə
طبعا,tˤebʕʌn
هيا,həj:ə
شايفة,ʃaːjfə
هادا,ha:də
الكلام,əlkəla:m
مايسير,ma:jsi:ɾ
عشان,ʕəʃa:n
كدا,kɪdə
حتكوني,ħətkuːnɪ
زالمة,zˤaːlmə
يا,jə
بعيدة,bəʕiːdə
حتكوني,ħətkuːnɪ
زالمة,zˤaːlmə
حتطفحي,ħʌtˤːəfːɪħɪ
ولدك,wələdɪk
اشياء,əʃja:ʔ
تخليه,txəl:i:
زالم,zˤa:lɪm
زي,zəj
زوجك,zo:dʒɪk
درويش,deɾwiʃ
كدا,kɪdə
مايسير,ma:jsi:ɾ
ربنا,ɾəb:enə
ما,ma:
امر,ʔ̃əmɾ
بكدا,bɪkɪdə
ربنا,ɾəb:enə
ما,ma:
امر,ʔ̃əmɾ
بكدا,bɪkɪdə
انا,ənə
اطلع,ətˤləʕ
زالم,zˤa:lɪm
لا,la
لا,la
لا,la
مستحيل,mʊstəħiːl
انا,ənə
ابغى,əbɣə
اكون,əku:n
زي,zəj
ما,ma:
انا,ʔ̃ənə
اشبي,ɪʃbɪ
اهوه,əhʊ
باكل,ba:kʊl
ومتكي,wʊmtəkːɪ
ومابغى,wmaːbɣə
حاجة,ħa:dʒə
تانية,taːnjə
ولا,wel:ə
اطلع,ətˤləʕ
زي,zəj
المسل,əlməsəl
داك,daːk
اللي,əl:i
بيقول,biːguːl
اللي,əl:i
زرعتو,zəɾəʕtʊ
الريح,ɾːiːħ
تاخدو,taːxdʊ
الزوابع,z:əwaːbɪʕ
اسمع,əsməʕ
انا,ənə
هادا,ha:də
الكلام,əlkəla:m
ما,maː
يدخل,jɪdxʊl
راسي,ɾaːsɪ
حتاكل,ħətaːkʊl
من,mɪn
هادي,ha:dɪ
المربى,əlmɾəb:ə
يعني,jeʕnə
حتاكل,ħətaːkʊl
من,mɪn
هادي,ha:dɪ
المربى,əlmɾəb:ə
اهدا,əhdə
يهوه,jəho:
طيب,tˤej:ɪb
ناكل,naːkʊl
حناكل,ħənaːkʊl
من,mɪn
دي,di
المربى,lmɾəb:ə
عمرو,ʕʊmɾʊ
الخايب,lxa:jɪb
ماراح,ma:ɾa:ħ
يفلح,jɪfləħ
ادبح,ədbəħ
ولا,wel:ə
اقتل,əgtʊl
مين,mi:n
ياجماعة,ja:ʒəmaːʕə
احنا,ɪħnə
قاعدين,gaːʕdiːn
نتكلم,nɪtkəl:əm
عن,ʕʌn
درويش,deɾwiʃ
ومين,wmi:n
قلك,gəlːək
انك,ɪn:ək
راح,ɾa:ħ
تدبح,tɪdbəħ
ولا,wel:ə
تقتل,tɪgtʊl
ولا,wel:ə
حتى,ħət:ə
درويش,deɾwiʃ
راح,ɾa:ħ
يشوفك,jʃuːfək
كل,kʊl
اللي,ɪl:ɪ
عليك,ʕəle:k
تخليه,txʌl:i:
يطفح,jɪtˤfəħ
من,mɪn
اللي,əl:i
جواة,dʒʊwːət
القزازة,əlgʊzaːzə
هدي,ha:də
ايش,e:ʃ
اللي,əl:i
جوة,dʒʊwːət
القزازة,əlgʊzaːzə
هدي,ha:də
طيب,tˤej:ɪb
جوتها,dʒʊwːəthə
اللي,ɪl:i
يشفي,jɪʃfɪ
غليلي,ɣəliːlɪ
ي,jə
سعداوي,sʌʕda:wə
ويريح,wiːɾəjːɪħ
قلبي,gəlbɪ
ويخليك,wiːxəl:i:
كمان,k:əma:n
ترجع,tɪɾʒʌʕ
الحارة,alħa:ɾə
وتشوف,wʊtʃuːf
سعدك,sʌʕdək
وهناك,whəna:k
تبي,tɪbɪ
تسممي,tsəm:ɪmɪ
درويش,deɾwiʃ
تبي,tɪbɪ
تسممي,tsəm:ɪmɪ
درويش,deɾwiʃ
ي,jə
لطيفة,lətˤi:fə
اهدي,əhdɪ
ي,jə
امي,ʊm:i
بس,bəs
لطيفة,lətˤi:fə
انا,ənə
مقدر,məgdəɾ
اسويها,əsəwːiːhə
سعداوي,sʌʕda:wə
احنا,ɪħnə
تارنا,taːɾənə
واحد,wa:ħɪd
درويش,deɾwiʃ
قتل,gətəl
سيدي,siːdɪ
غيس,ɣe:s
وصبيانو,wsˤʊbjaːnʊ
رقدولي,ɾəg:ədu:lɪ
ابويا,əbu:jə
ومني,wmənɪ
عارفة,ʕa:ɾfə
متى,mɪtə
راح,ɾa:ħ
يقوم,jɪguːm
واهانك,wəʔ̃aːnək
ي,jə
سعداوي,sʌʕda:wə
وطردك,wʊtˤəɾədək
من,mɪn
الحارة,alħa:ɾə
ومن,wmɪn
حضن,ħʊdˤʊn
امك,ʊmːək
وحرمك,wħəɾəmək
من,mɪn
حبيبة,ħəbiːbət
قلبك,gəlbək
سوسن,səwsən
والهرجة,wəlhəɾdʒə
بسيطة,bəsiːtˤə
بس,bəs
اللي,əl:i
عليك,ʕəle:k
تخليه,txʌl:i:
يطفح,jɪtˤfəħ
من,mɪn
اللي,əl:i
فالقزازة,fɪlgʊzaːzə
هادي,ha:dɪ
هوا,hʊw:ə
يتوكل,jɪtwəkːəl
واحنا,wɪħnə
نرتاح,nɪɾtaːħ
والحارة,wəlħaːɾə
كلها,kʊl:əhə
ترتاح,tɪɾtaːħ
من,mɪn
شرو,ʃəɾːʊ
لو,ləw
ابحرق,əbəħɾɪg
العمر,əlʕʊmʊɾ
كلو,kʊl:ə
مايكفيني,maːjkəfːiːnɪ
بعدين,bəʕdei:n
السنين,əs:ɪni:n
حلتك,ħəlːətɪk
زيادة,zɪjaːdə
ي,jə
بنت,bɪnt
السنين,əs:ɪni:n
السنين,s:ɪni:n
بتاخد,btaːxʊd
من,mɪn
العمر,əlʕʊmʊɾ
ي,jə
سعداوي,sʌʕda:wə
انا,ənə
تعبت,tʕɪbt
احتاجك,əħtaːʒəkjə
جمبي,dʒəmbɪ
ي,jə
سعداوي,sʌʕda:wə
هانت,haːnət
هانت,haːnət
ي,jə
حبيبتي,ħəbiːbətɪ
كلو,kʊl:ə
راح,ɾa:ħ
يرجع,jɪɾdʒəʕ
ان,ɪn
شاء,ʃɒ:
الله,ɫ:ə
بس,bəs
انتي,ɪntɪ
وحشتيني,wəħəʃtiːnɪ
انتا,ɪntə
كمان,kəma:n
وحشتني,wəħəʃtənɪ
انا,ənə
احبك,əħʊbːək
ي,jə
سعداوي,sʌʕda:wə
اقولك,əgʊl:ək
حاجة,ħa:ʒə
انتا,ɪntə
عارف,ʕa:ɾɪf
انا,ənə
اقعد,əgʕʊd
كدا,kɪdə
اتكلم,ətkəlːəm
مع,məʕ
نفسي,nəfsɪ
اقول,əguːl
ايش,ɪʃ
بك,bɪk
ي,jə
بنت,bɪnt
ليش,le:ʃ
تستنيه,tɪstənːiː
تستني,tɪstənːɪ
هدا,ha:də
الواد,əlwa:d
التعبان,ətːəʕbaːn
روحي,ɾuːħɪ
اتجوزي,tʒəwːəzɪ
عيشي,ʕiːʃɪ
حياتك,ħəjaːtɪk
ما,maː
اقدر,gdəɾ
لانك,lənːək
روحي,ɾuːħɪ
ودنيتي,wdʊnjətɪ
وانا,wənə
احبك,ħʊbːək
مستحيل,mʊstəħiːl
افكر,əfəkːɪɾ
في,fɪ
غيرك,ɣe:ɾək
لكن,la:kɪn
انا,ənə
ماسوي,maːsəwːɪ
كدا,kɪdə
سيبوهم,siːbuːhʊm
ي,jə
عيال,ʕjaːl
اوقف,əwgəf
انتا,ɪntə
وهوا,whʊwːə
اسماعيل,ɪsma:ʕi:l
و,wʊ
داوود,daːuːd
انتو,ɪntu
صبيان,sˤʊbjaːn
المعلم,almʕl:ɪm
درويش,deɾwiʃ
زي,zəj
ماقال,maːgaːl
حمدان,ħʌmda:n
وانا,wənə
مسامحكم,msaːmɪħkʊm
افرحو,əfɾəħʊ
ومبسطو,wəmbəsˤtˤʊ
الليلة,əlːe:lə
ليلة,le:lət
هنا,hənə
وسرور,wsɾuːɾ
بلكن,bʌlkɪn
تنحل,tɪnħʌl
اشياء,aʃja:ʔ
كتير,kəti:ɾ
انتا,ɪntə
ترجع,tɪɾʒʌʕ
معلم,mʕl:ɪm
الحارة,alħa:ɾə
وانا,wənə
ارجع,əɾdʒəʕ
لبيتي,lɪbe:tɪ
وعند,wʕɪnd
امي,ʊmːɪ
وقلبي,wgəlbɪ
اللي,l:i
انحرمت,nħəɾəmt
منو,mɪn:u
كيف,ke:f
تبغاه,tɪbɣa:h
يموت,jmuːt
ايش,e:ʃ
اللي,əl:i
يدور,du:ɾ
في,fɪ
بالك,ba:lək
اوسخ,əwsəx
موتة,mo:tə
سكين,səkːiːn
جمبية,dʒəmbiːjə
شون,ʃo:n
طايش,tˤaːjɪʃ
اي,əjːɪ
شي,ʃej
المهم,almʊhɪm
تجيب,tɪʒi:b
اجلو,əʒəlʊ
سكين,səkːiːn
وجمبية,wdʒəmbiːjə
وشون,wʃo:n
ماراح,ma:ɾa:ħ
تنفع,tɪnfəʕ
مع,məʕ
درويش,deɾwiʃ
ولا,welə
حتى,ħət:ə
القوة,lgʊwːə
تنفع,tɪnfəʕ
معاه,məʕaː
طالما,tˤaːləmə
رجالو,ɾʒaːlʊ
حولو,ħo:lʊ
هرجة,hʌɾʒə
زي,zəj
هادي,ha:dɪ
يبغالها,jɪbɣaːləhə
ترتيب,təɾtiːb
تاني,taːnɪ
ترتيب,təɾtiːb
زي,zəj
ايش,e:ʃ
ي,jə
معلم,mʕl:ɪm
هاذا,ha:də
مو,muː
شغلك,ʃʊɣlək
خليني,xəlːiːnɪ
انا,ənə
امخمخ,əməxmɪx
عليها,ʕəle:hə
و,w
افكر,əfəkːɪɾ
فيها,fi:hə
مزبوط,məzˤbutˤ
بس,bəs
حط,ħʊtˤ
في,fɪ
بالك,ba:lək
هرجة,hʌɾʒəv
زي,zəj
دي,dɪ
حتدفع,ħətɪdfəʕ
عليها,ʕəle:hə
كتير,kəti:ɾ
هادا,ha:də
ازا,ɪzə
انتا,ɪntə
كنت,kʊnt
تبغى,tɪbɣə
الدلش,ədːələʃ
هو,hʊw:ə
اللي,l:i
يسويها,səwːiːhə
حدفعلك,ħədfəʕlək
ي,jə
معلم,mʕl:ɪm
اللي,əl:i
تبغاه,tɪbɣa:h
ولا,welə
تشيل,tɪʃi:l
هم,həm
تعجبني,tɪʕdʒɪbnɪ
يواد,jəːwaːd
ابو,əbu
لطيفة,lətˤi:fə
ابو,əbʊ
نوار,nəw:a:ɾ
حمدلله,ħəmdɪlːa:h
على,ʕələ
سلامتي,səlaːmətɪ
من,mɪn
ايش,e:ʃ
بعدين,bəʕdei:n
انتا,ɪntə
ايش,e:ʃ
جابك,ʒaːbək
هنا,hɪnə
بيتي,be:tɪ
انا,ənə
جيت,dʒi:t
اطمن,ətˤːəmːən
عليك,ʕəle:k
تطمن,tɪtˤːəmːən
عليا,ʕələj:ə
من,mɪn
ايش,e:ʃ
ابو,əbu
نوار,nəw:a:ɾ
اسمع,əsməʕ
في,fi:
حرمة,ħʊɾmə
عندي,ʕɪndɪ
هنا,hɪnə
تدخل,tɪdxʊl
وتخرج,wʊtʊxɾʊdʒ
عليا,ʕələj:ə
مين,mi:n
هادي,ha:dɪ
الحرمة,əlħʊɾmə
حرمة,ħʊɾmə
ما,maː
ف,fɪ
لبيت,lbe:t
غير,ɣe:ɾ
لطيفة,lətˤi:fə
مي,mi:
لطيفة,lətˤi:fə
لطيفة,lətˤi:fə
راحت,ɾaːħət
مع,məʕ
امها,ʊmːəhə
يمبع,jʊmbʊʕ
وبترجع,wʊbtɪɾdʒəʕ
بعد,beʕd
يومين,jo:me:n
هدي,ha:də
الحرمة,əlħʊɾmə
اللي,l:i
بدور,bɪd:u:ɾ
عندي,ʕɪndə
بالبيت,bɪlbe:t
هدي,ha:də
مين,mi:n
ابو,əbu
نوار,nəw:a:ɾ
انا,ənə
خايف,xa:jɪf
ام,ʊm
لطيفة,lətˤi:fə
ترجع,tɪɾʒʌʕ
من,mɪn
يمبع,jʊmbʊʕ
وتشوف,wʊtʃuːf
الحرمة,əlħʊɾmə
هادي,ha:dɪ
عندي,ʕɪndə
مصيبة,mʊsˤi:bə
انتا,ɪntə
تعرف,tɪʕɾɪf
مريم,məɾjəm
وغيرتها,wɣiːɾəthə
نار,na:ɾ
نار,na:ɾ
اشبك,ɪʃbək
اهرج,əhɾɪdʒ
مين,miːn
هدي,ha:də
فين,fe:n
رايح,ɾa:jɪħ
هدي,ha:də
بنتك,bɪntək
لطيفة,lətˤi:fə
كبرت,kɪbɾət
وسارت,wsaːɾət
حرمة,ħʊɾmə
كبيرة,kəbi:ɾə
اقلك,egʊlːək
راحت,ɾaːħət
مع,məʕ
ام,ʊm
انا,ənə
مابدي,ma:bɪd:ɪ
اقلل,əgəlːɪl
من,mɪn
مقامك,məgaːmək
ي,jə
درويش,deɾwiʃ
انا,ənə
بعلمك,bəʕəlːɪmək
الاصول,əlʔʊsˤuːl
والاصول,wəlʔʊsˤuːl
في,fɪ
الجواز,ldʒʊwaːz
انو,ɪn:u
الشور,ʃːo:ɾ
والامر,wəlʔəmɾ
للبنت,lɪlbɪnt
وابوها,wəbuːhə
والباقي,wəlbaːgɪ
معازيم,məʕaziːm
حبو,ħəb:ʊ
يجو,jɪdʒʊ
مرحبا,məɾħəbə
حبو,ħəb:ʊ
يقصرو,jɪgəsˤːɪɾʊ
بناقص,bnaːgɪsˤ
اما,əmːə
عن,ʕən
هرجة,həɾʒə
السرقة,əsːɪɾgə
فنتا,fəntə
ي,jə
درويش,deɾwiʃ
اكبر,əkbəɾ
حرامي,ħəɾaːmɪ
يهوه,jəho:
يهوه,jəho:
يهوه,jəho:
ي,ja
جماعة,dʒəmaːʕə
صلوا,sˤəlːʊ
ع,ʕə
النبي,nːəbɪ
ما,ma:
يصير,jsˤiːɾ
احنا,wəl:ə
كبار,ħnə
ع,gbaːɾ
الكلام,ʕəlkəla:m
هدا,ha:də
ي,jə
ناس,naːs
اسمع,əsməʕ
يا,ja
سالم,sa:lɪm
ترا,təɾə
انا,nə
سكتلك,səkətːələk
كتير,kəti:ɾ
وبعدين,wʊbəʕdei:n
اسماعيل,ɪsma:ʕi:l
جا,dʒa:
برجولو,bɪɾdʒuːlʊ
محد,mʌħəd
ضربو,dˤəɾəbʊ
على,ʕələ
يدو,jəd:ʊ
و,w
حاسب,ħaːsɪb
على,ʕələ
كلامك,kəla:mək
يا,jə
سالم,saːlɪm
لا,la:
تشوف,tʃuːf
شي,ʃej
مني,mɪnːɪ
مو,muː
طيب,tˤej:ɪb
وايش,wʔə:ʃ
بدي,bɪd:ə
اشوف,əʃu:f
منك,mɪn:ək
غير,ɣe:ɾ
سفارة,səfaːɾat
اللسان,əlːɪsa:n
السفارة,əs:əfaːɾə
من,mɪn
افعالك,əfʕaːlək
يا,jə
سالم,saːlɪm
وبعدين,wʊbəʕdei:n
بدل,bədəl
ماتلومني,maːtluːmənɪ
انا,ənə
روح,ɾuːħ
شوف,ʃu:f
رضوان,ɾɪdˤwa:n
اللي,əl:i
يبغى,jɪbɣə
يتجوز,jɪtʒəw:əz
بنت,bɪnt
الحلواني,əlħələwaːnɪ
سمبل,sʊmbʊl
ايش,e:ʃ
بسم,bɪsmɪ
الله,l:a:
بسم,bɪsmɪ
الله,l:a:
الرحمن,ɾːəħmaːn
فكرك,fɪkɾək
المعلم,əlmʕl:ɪm
درويش,deɾwiʃ
صرفنا,sˤəɾːəfnə
من,mɪn
عندو,ʕɪndʊ
ليش,le:ʃ
بالعافية,bɪlʕaːfjə
تفضل,fədˤ:əl
ولا,wel:ə
اطلبلك,tˤlʊblək
حاجة,ħa:dʒə
تانية,taːnjə
انا,ənə
لاني,la:nɪ
جاي,ʒaːɪ
اكل,aːkʊl
ولا,wel:ə
اتضيف,tðˤəjːəf
انا,ənə
جاي,dʒaːɪ
اقولك,əgʊl:ək
كلمتين,kɪlməte:n
وحتساهل,wħətsaːhəl
خير,xe:ɾ
خير,xe:ɾ
الخير,əlxe:ɾ
هذا,ha:ðə
انتا,ɪntə
اللي,əl:i
فرطت,fəɾːətˤ:
فيه,fiː
وشكلك,wʃəklək
كدا,kɪdə
معد,məʕəd
تبغى,tɪbɣə
لا,la:
تنكر,tɪnkɪɾ
المنكر,əlmʊnkəɾ
ولا,welə
توقف,tu:gəf
ف,fʊ
وش,wəʃː
الشر,əʃːəɾ
لا,la:
ممكن,mʊmkɪn
اسويها,əsəw:i:hə
بس,bəs
بطريقتي,btˤəɾiːgtɪ
مو,muː
بطريقتك,btˤəɾiːgtək
بطريقتك,btˤəɾiːgtək
اخليك,əxəli:k
تشتغل,tɪʃtəɣɪl
وتسيب,wʊtsiːb
الواجب,əlwaːʒɪb
المفروض,əlməfɾuːdˤ
عليك,ʕəle:k
واجبي,waːʒbɪ
اني,ɪnːɪ
اشتغل,əʃtəɣɪl
وعبد,ʊəʕbʊd
الله,əɫːɔ
واحببهم,waħəbːɪbhʊm
في,fɪ
الدين,d:i:n
لكن,laːkɪn
شغل,ʃʊɣʊl
الترهيب,ətːəɾhi:b
دا,da
اللي,l:i
انتا,ɪntə
تبغاه,tɪbɣa:h
انا,ənə
مالي,ma:lɪ
فيه,fi
يعني,jeʕnə
كدا,kɪdə
ي,jə
رضوان,ɾɪdˤwa:n
حلو,ħɪlu
حنا,ħɪnːə
نعرف,nɪʕɾɪf
كيف,ke:f
نربيك,nɪɾəbːiːk
ي,jə
واد,wa:d
وخليك,xəlːiːk
قد,gəd
كلامك,kəla:mək
يرحم,jɪɾħəm
امك,ʊmːək
الله,aɫ:ɔ
ينتقم,jɪntəgɪm
منهم,mɪnːəhʊm
اشر,əʃʌɾː
انتقام,ɪntɪga:m
اسماعيل,ɪsma:ʕi:l
هدا,ha:də
الاقرع,lʔəgɾəʕ
المفقش,əlmfəgəʃ
كتير,kəti:ɾ
و,wʊ
داوود,daːuːd
ابو,əbʊ
شنب,ʃənəb
مشعتر,mʃəʕtəɾ
بيشتغلوا,jɪʃəɣlʊ
عند,ʕɪnd
ابويا,əbu:jə
درويش,deɾwiʃ
بيشتغلوا,bjɪʃtəɣlʊ
صبيان,sˤʊbjaːn
اخدوني,əxədo:nɪ
ف,fɪ
الليل,lːe:l
على,ʕələ
قهوة,gəhwə
وبعدين,wʊbəʕdei:n
هناك,hɪna:k
ودوني,wəd:o:nɪ
ع,ʕə
الغرفة,lɣʊɾfə
رحت,ɾʊħt
الغرفة,əlɣʊɾfə
قمت,gʊmt
سكران,səkɾaːn
الله,aɫ:ɔ
يسلمك,jsəlːɪmək
انتا,ɪntə
والعيال,wəlʕjaːl
كلهم,kʊlːəhʊm
اللي,əl:i
مدام,mədaːm
اختارك,əxta:ɾək
المعلم,almʕl:ɪm
ف,fə
اكيد,ʔəkiːd
هو,hʊw:ə
شايف,ʃaːjɪf
حاجة,ħa:dʒə
احنا,ɪħnə
محنا,məħnə
شايفينها,ʃaːjfiːnəhə
مدام,mədaːm
برضو,bəɾdˤu
انك,ɪn:ək
انتا,ɪntə
صديق,sˤədiːg
اخويا,əxuːjə
محمد,mħəmːəd
فقدرك,fəgədɾək
من,mɪn
قدرو,gədɾʊ
وقدر,wgədɾ
المعلم,almʕl:ɪm
درويش,deɾwiʃ
كفك,kəfːək
ي,jə
معلم,mʕl:ɪm
لغري,lʊɣɾɪ
تشوف,tʃuːf
النار,ənːaːɾ
كدا,kɪdə
زي,zəjː
الاهبل,əlʔəhbəl
مين,miːn
الواد,əlwa:d
هدا,ha:də
ياجماعة,jədʒəmaːʕə
ابو,əbʊ
لطيفة,lətˤi:fə
ايش,e:ʃ
بك,bək
هادا,ha:də
رضوان,ɾɪdˤwa:n
رضوان,ɾɪdˤwa:n
رضوان,ɾɪdˤwa:n
مين,miːn
هادا,ha:də
اخو,əxʊ
الشيخ,ʃ:e:x
سالم,sa:lɪm
يا,jə
سليمان,sleːmaːn
انتو,ɪntu
تبغو,tɪbɣʊ
تجننوني,tʒənːɪnuːnɪ
ولا,wel:ə
ايه,e:
الشيخ,əʃ:e:x
سالم,sa:lɪm
عنده,ʕɪndʊ
اخو,əxʊ
واحد,wa:ħɪd
بس,bəs
اسمه,ɪsmʊ
اسماعيل,sma:ʕi:l
لساتو,lɪsːaːtʊ
صغير,sˤəɣɪɾ
صغير,sˤəɣɪɾ
نونو,nuːnʊ
مو,muː
الطحش,tˤːəħʃ
هادا,ha:də
هادا,ha:də
مو,muː
كان,kɑn
بشوش,bəʃ:u:ʃ
هادا,ha:də
بشوش,bəʃ:u:ʃ
قدامك,gʊdːaːmək
اهوه,əhʊh
اشبك,əʃbək
يا,jaː
بشوش,bəʃ:u:ʃ
اشبك,əʃbək
كبرت,kɪbɪɾt
كدا,kɪdə
لا,laː
حول,ħəʊl
ولا,welə
قوة,qʊwːətə
الا,ɪl:ə
بالله,bɪlːaː
بعدين,bəʕdei:n
مين,miːn
هدا,ha:də
اللي,əl:i
يكرهك,jɪkɾəhək
ويحرقلك,wɪjħɾɪglək
دكانك,dʊkːaːnək
مين,miːn
هادا,ha:də
اللي,l:i
يبغى,jɪbɣə
يضرك,jdˤʊɾːək
عيال,ʕjaːl
الحرام,əlħəɾaːm
كثير,kəθiːɾ
يبو,jəbʊ
لطيفة,lətˤi:fə
انا,ənə
شاك,ʃaːkː
انو,ɪn:u
الولد,lwələd
هادا,ha:də
هوا,hʊw:ə
ابو,əbu
لطيفة,lətˤi:fə
بلكي,bəlkɪ
كنت,kʊnt
بطال,bətˤːaːl
بلكن,bəlkɪn
ماكنت,maːkʊnt
الولد,əlwələd
اللي,əl:i
كنت,kʊnt
تتمنى,tɪtmənːə
تتفشخر,tɪtfəʃxəɾ
بيه,fiː
ولا,welə
كنت,kʊnt
السند,əsːənəd
اللي,əl:i
يوقف,juːgəf
معاك,məʕa:k
لكن,la:kɪn
رغم,ɾʊɣm
دا,da
كلو,kʊl:ə
مو,muː
انا,ənə
اللي,l:i
حرقت,ħəɾəgt
الدكان,ədːʊkːan
انا,ənə
قلت,gʊlt
كل,kʊl
اللي,əl:i
عندي,ʕɪndə
ولا,welə
يهمني,jhɪmːənɪ
احد,əħəd
تاني,taːnɪ
يصدقني,jsˤədːɪgnɪ
المهم,almʊhɪm
انتا,ɪntə
ابو,əbu
الشوش,aʃ:u:ʃ
مو,muː
قصدي,gəsˤdi
احشر,əħʃʊɾ
نفسي,nəfsɪ
بس,bəs
شكلو,ʃəklʊ
صادق,sˤaːdɪg
اول,əw:əl
مرة,məɾ:ə
احس,əħɪs
انو,ɪn:u
صادق,sˤaːdɪg
اول,əw:əl
شي,ʃej
انا,ənə
ما,maː
اقلك,gʊlːək
معلم,mʕəlːɪm
انا,ənə
اقولك,əgʊlːək
ابويا,əbu:jə
ابويا,əbu:jə
اللي,ɪl:ɪ
واقفلي,waːgɪflɪ
في,fɪ
الطالعة,tˤːaːlʕə
و,w
في,fɪ
النازلة,nːaːzlə
ابويا,əbu:jə
اللي,əl:i
بيلاحقني,biːlaːħɪgnɪ
من,mɪn
مطعم,mətˤʕəm
لمطعم,lɪmətˤʕəm
لبيت,lɪbeːt
لقرايبنا,lɪgəɾaːjɪbnə
ابويا,əbu:jə
اللي,əl:i
مطلعني,mtˤəlːɪʕnɪ
قدام,gʊdːaːm
الكل,əlkʊl
اني,ɪn:i
صغير,sˤəɣɪɾ
كمان,kəma:n
ترد,tɾʊd
علي,ʕələjːə
و,wə
تقاوحني,tgaːwɪħnɪ
اقاوحك,əgaːwħək
اقاوحك,əgaːwħək
و,w
اوقف,əwgəf
في,fɪ
وجهك,wədʒhək
حتى,ħət:ə
لو,ləw
كنت,kʊnt
مشكل,mɪʃkɪl
الحارة,alħa:ɾə
انت,ɪntə
يبغالك,jɪbɣaːlək
تربية,təɾbɪjə
من,mɪn
جديد,dʒədi:d
على,ʕələ
مرتو,məɾətʊ
الجديدة,ldʒədiːdə
مبروك,məbɾuːk
ي,jə
معلم,mʕl:ɪm
طول,tˤuːl
عمرك,ʕʊmɾək
تفكر,tɪfəkːɪɾ
صح,sˤʌħ
اصلا,əsˤlən
انتا,ɪntə
ما,maː
تفكر,tɪfəkːɪɾ
الا,ɪl:ə
بمصلحتك,bməsˤləħətək
وبعدين,wʊbəʕdei:n
في,fɪl
البقية,bəgɪjːə
سعاد,sʊʕa:d
بنت,bɪnt
العمدة,alʕʊmdə
اختيار,ɪxtɪjaːɾ
صح,sˤʌħ
بس,bəs
اللي,əl:i
ماتعرفو,maːtɪʕɾɪfʊ
يسيدي,jəsiːdɪ
انا,ənə
جيت,dʒi:t
اقولك,əgʊlːək
عليه,ʕəle:
اصلا,əsˤɫʌn
هيا,hiːj:ə
ماتبغاك,maːtɪbɣaːk
هي,hi:j:ə
تبغى,tɪbɣə
تتجوز,tɪtʒəwːəz
الواد,əlwa:d
رضوان,ɾɪdˤwa:n
وهوا,whʊwːə
غريمك,ɣəɾiːmək
فيه,fiː
كفة,kɪfːət
ميزانو,miːzaːnʊ
مليانة,məljaːnə
بالحب,bɪlħʊb
بس,bəs
كفة,kɪfːət
ميزانك,mi:za:nək
مليانة,məljaːnə
حقد,ħɪgd
وكره,ʊkʊɾh
انقهرت,ɪngəhəɾt
انقهرت,ɪngəhəɾt
ي,jə
درويش,deɾwiʃ
ايوا,i:wə
كدا,kɪdə
ايوا,i:wə
ابغاك,əbɣaːk
تنقهر,tɪngəhɪɾ
زي,zəj
ماقهرت,maːgəhʌɾt
قلبي,gəlbɪ
عشرة,ʕəʃəɾə
سنوات,sənəwaːt
من,mɪn
عمري,ʕʊmɾɪ
انا,ənə
صاحبك,sˤaːħbək
ي,jə
داوود,daːʔ̃uːd
لا,la:
انتا,ɪntə
صاحبي,sˤaħbɪ
ولا,welə
ابغى,əbɣə
اعرفك,əʕɾɪfək
انا,ənə
سامحت,saːməħt
صالح,sˤalɪħ
عشان,ʕəʃa:n
امي,ʊm:i
وقلتلك,wgʊltələk
سيبو,siːbʊ
وانتا,wɪntə
خنت,xʊnt
كلمتي,kɪlmətɪ
والصاحب,wəsˤːaːħɪb
مايخون,maːjxuːn
صاحبو,sˤaːħbʊ
وانتا,wɪntə
غدرت,ɣədəɾt
بيا,bɪjːə
واللي,wɪl:i:
يسوي,səwːɪ
كدا,kɪdə
يسير,jesi:ɾ
ماهو,ma:hʊ
صاحب,sˤaːħɪb
انتا,ɪntə
بدرب,bdəɾb
وانا,wənə
بدرب,bdəɾb
لا,la:
ي,jə
داوود,daːuːd
ي,jə
داوود,daːʔ̃uːd
انا,ənə
صاحبك,sˤaːħbək
احاول,əħa:wɪl
الحقك,əlħəgək
احاول,əħa:wɪl
افكك,əfʊkːək
من,mɪn
درويش,deɾwiʃ
وبلاويه,ʊbəlaːwiː
راح,ɾa:ħ
اقتل,əgtʊl
درويش,deɾwiʃ
اللي,əl:i
يتهجم,jɪthədʒːəm
على,ʕələ
البيت,əlbe:t
من,mɪn
زمان,zəm:a:n
وشالك,wʃaːlək
منو,mɪn:u
واللي,wɪl:ə
طيح,tˤəjːəħ
الشيخ,əʃ:e:x
سالم,sa:lɪm
وزودلو,wzəwːədlʊ
تعبو,təʕəbʊ
اللي,l:i
ضرب,dˤəɾəb
رقية,ɾʊgəjːə
لمن,ləm:ən
انا,ənə
و,w
انتا,ɪntə
ما,maː
كنا,kʊnːə
ف,fɪ
البيت,lbe:t
درويش,deɾwiʃ
انتا,ɪntə
مالك,maːlək
صلاح,sˤəlaːħ
فيه,fiː
وضربو,wdˤəɾəb
لرقية,lɪɾgəjːə
انا,ənə
اللي,l:ɪ
راح,ɾa:ħ
احاسبو,əħaːsbʊ
عليه,ʕəle:
و,w
ليش,leːʃ
انتا,ɪntə
اللي,l:i
تحاسبو,tħaːsbʊ
عليه,ʕəle:
ان,ɪn
شاء,ʃa:
الله,ɫ:ʌ
بصفتك,bsˤɪfətək
مين,miːn
تدافع,tɪdaːfɪʕ
عنها,ʕənːhə
انا,ənə
اخوها,xuːhə
لكن,la:kɪn
انتا,ɪntə
ايه,e:
تحبها,tħʊbːəhə
ازا,ɪzə
تحبها,tħʊbːəhə
قول,gu:l
بلكن,bʌlkɪn
الحب,əlħʊb
ينضفلك,jɪnʌdˤːɪflək
قلبك,gʌlbɪk
دا,da
شويا,ʃwəjːə
ايوا,i:wə
احبها,əħʊbːəhə
احبها,əħʊbːəhə
ي,jə
رضوان,ɾɪdˤwa:n
في,fi:
شي,ʃej
وانتا,wɪntə
كمان,kəma:n
تحب,tħʊb
سعاد,sʊʕa:d
صح,sˤʌħ
ولا,wel:ə
لا,la
يا,jə
شيخنا,ʃe:xnə
ايوا,i:wə
انا,ənə
اللي,l:i
فاهمك,fa:hmək
مزبوط,məzbuːtˤ
انتا,ɪntə
منتا,məntə
رايح,ɾa:jɪħ
تقتل,tɪgtʊl
درويش,deɾwiʃ
زي,zəj
مابتقول,maːbɪtguːl
عشان,ʕəʃa:n
رقية,ɾʊgəjːə
ولا,wel:ə
عشاننا,ʕəʃaːnənə
لا,la
انتا,ɪntə
رايح,ɾa:jɪħ
تقتل,tɪgtʊl
درويش,deɾwiʃ
عشانو,ʕəʃənːʊ
يبغى,jɪbɣə
ياخد,jaːxʊd
منك,mɪn:ək
سعاد,sʊʕa:d
يبا,jɪbə
يخطفها,jɪxtˤʊfhə
منك,mɪn:ək
هلا,hələ
والله,wəɫ:ɔ
جمعة,ʒʊmʕə
مباركة,mbaːɾkə
اليوم,əljo:m
كنت,kʊnt
بسويلكم,bəsəwːilkʊm
فلوق,vlo:g
حق,ħəg
يوم,jo:m
الجمعة,əlʒʊmʕə
صراحة,sˤəɾa:ħə
معرف,məʕɾɪf
شحسوي,ʃħsəwːɪ
اليوم,əljo:m
بس,bəs
كنت,kʊnt
بوريكم,bəwəɾːiːkʊm
بس,bəs
كل,kʊl
شي,ʃei
بسويه,bəsəwːiː
وحاخدكم,wħa:xʊdkʊm
معايا,məʕa:jə
ان,ən
جست,dʒʌst
برتند,prətənd
ذاء,ða:ʔ
ور,wr̬
بستيز,bεstiz
بس,bəs
حبدأ,ħəbdəʔ
بشعري,bʃəʕɾɪ
اليوم,əljo:m
عشان,ʕəʃa:n
شايفين,ʃaːjfiːn
المنزر,əlmʌnzˤʌɾ
دا,da
نات,nɑ:
دونق,dʊwɪŋ
ذاء,ða:ʔ
تفرج,tfəɾːəʒ
عليه,ʕəle:
فتكتوك,fɪtɪktok
تعرفو,tɪʕɾɪfʊ
انو,n:u
مرا,məɾ:ə
اي,aːɪ
لف,ləv
درسنق,drəsɪŋ
اب,ʌp
فور,fo:r
فرايديز,fraːɪde:z
فحاخدكم,fəħaːxʊdkʊm
دحين,deħ:e:n
واحنا,wɪħnə
بنسوي,bɪnsəwːɪ
شعري,ʃeʕɾə
ماي,maːɪ
ميكب,me:kʌp
ان,ən
تشوزنق,tʃuːzɪŋ
اوتفت,a:wtfɪt
بس,bəs
لس,ləs
قو,goʊ
تيك,təɪk
ا,ə
شاور,ʃaːwər
ماما,maːmə
جابتلي,dʒa:bʌtli
دا,da:
الست,s:ɪt
من,mɪn
صراحة,sˤəɾa:ħə
اتس,ɪts
سو,soʊ
كيوت,kju:t
جابتلي,dʒa:bʌtli
هو,hʊw:ə
مع,məʕə
عباية,ʕəbaːjə
كمان,kəma:n
سو,soʊ
اي,aɪ
ثنك,θɪŋk
حلبسو,ħʌlbəsʊ
اليوم,ljo:m
حشوف,ħəʃuːf
دحين,deħ:e:n
حقيس,ħəgiːs
واشوف,wəʃuːf
كيف,ke:f
شكلو,ʃəklʊ
اء,əʔ
لوكس,lʊks
كيوت,kju:t
ولا,wel:ə
لا,ləʕ
قايز,ga:ɪz
اي,ʌɪ
ثنك,θɪŋk
ام,ʌm
لايك,la:ɪk
تايني,taːɪnɪ
مرا,məɾ:ə
كبير,kəbiːɾ
عليا,ʕəlej:ə
معرف,məʕɾɪf
اذا,əða
باين,ba:jɪn
ولا,wel:ə
لا,ləʕ
حرفيا,ħʌɾfi:jən
بمسح,bəməsːɪħ
الارض,əlʔəɾdˤ
يا,ja
اي,aɪ
ثنك,θɪŋk
لازم,la:zɪm
اصغرو,əsˤəɣːɪɾʊ
اتعلمت,ətʕəl:mt
شي,ʃeɪ
قريب,gəɾi:b
سرت,sɪɾt
ماحب,maːħʊb:
استخدم,əstʌxdɪm
الفزر,əlfɪzər
لشعري,ʃəʕɾɪ
عشان,ʕəʃa:n
دايما,da:jmən
ينفشو,jɪnfʊʃʊ
بزات,bɪzːaːt
فجدة,fɪdʒɪdːə
مع,məʕə
الرطوبة,ɾːʊtˤuːbə
سو,soʊ
سرت,sɪɾt
دايما,da:jmən
لمن,ləm:ən
شعري,ʃeʕɾə
مبلول,məbluːl
اخد,aːxʊd
ا,ə
تي,tiː
شرت,ʃɪrt
نارا,nɑ:ɾə
منشفة,mɪnʃəfə
لازم,la:zɪm
يكون,jɪku:n
بلوزة,bluːzə
عشان,ʕəʃa:n
يكون,jɪku:n
قماش,gʊmaːʃ
ووو,wu:
بس,bəs
انشف,nəʃːɪf
شعري,ʃeʕɾə
فزي,fəzeɪ
منتو,məntʊ
شايفين,ʃaːɪfiːn
دحين,deħ:e:n
اس,ɪs
لايك,la:ɪk
فري,vərɪ
وت,wεt
عشان,ʕəʃa:n
سويتو,səw:e:tʊ
اولردي,r:εdɪ
بس,bəs
حكمل,ħəkʌmːɪl
دحين,deħ:e:n
عشان,ʕəʃa:n
اوريكم,əwəɾːiːkʊm
بس,bəs
اقعد,əgʕʊd
اعصر,əʕsˤʊɾ
شعري,ʃeʕɾə
نص,nʊsˤ:
الموية,əlmo:jə
تروح,tɾuːħ
كدا,kɪdə
اي,aɪ
جست,dʒʌst
كيب,ki:p
قوينق,gəʊɪŋ
مررا,məɾ:ə
مررا,məɾ:ə
يساعد,jsaːʕɪd
مع,məʕ
طريقة,təɾi:gə
شعري,ʃeʕɾə
كيف,ke:f
ينشف,jɪnʃəf
وماينفش,wma:jɪnfʊʃ
از,əz
متش,mʌtʃ
المهم,almʊhɪm
تجيني,tɪdʒiːnɪ
كتير,kəti:ɾ
اسئلة,əsʔɪlə
ع,ʕə
كيف,ke:f
اسوي,əsəw:i
شعري,ʃeʕɾə
فخليني,fəxəlːiːnɪ
اديكم,ədːiːkʊm
خلاصة,xʊɫaːsˤə
اول,əw:ʌl
شي,ʃeɪ
استحمى,əstəħəmːə
بشامبو,bʃaːmpʊ
وكوندشنر,wkʊndɪʃɪnər
عادي,ʕaːdɪ
وبعدين,wʊbəʕdei:n
بعدو,bʌʕdʊ
دايما,da:jmən
فشاور,fɪʃːaːwr̬
نفسو,nəfsʊ
احط,əħʊtˤ
احط,əħʊtˤ
كرل,kr̬l
كريم,kri:m
وانا,wənə
استخدم,stəxdɪm
حق,ħʌg
فنتي,fεntɪ
هير,he:r
بعدو,bəʕdʊ
احط,əħʊtˤ
جل,dʒɪl
واستخدم,wəstʌxdɪm
الباونس,əlbaːwns
كرل,kr̬l
برش,brʌʃ
بس,bəs
امشطو,əməʃːɪtˤʊ
شويا,ʃwej:ə
شويا,ʃwej:ə
بعدين,bəʕdei:n
اي,aɪː
سكرنش,skrʌnʃ
ات,ɪʔ
ف,fɪ
الشاور,ʃ:a:wr
و,w
اعصر,ʕsˤʊɾ
الموية,əlmo:jə
بعدين,bəʕdei:n
اسوي,əsəw:i
هادي,ha:dɪ
الحركة,lħəɾəkə
بالمنشفة,bɪlmɪnʃəfə
وبس,wʊbəs
واخليه,wəxəlːiː
ينشف,jɪnʃəf
صراحة,sˤəɾa:ħə
مرا,məɾ:ə
سهل,səhəl
وسريع,ʊsəɾiːʕ
المهم,almʊhɪm
بعد,beʕd
ماخلصت,maːxʌɫʌsˤt
شعري,ʃeʕɾə
رحت,ɾʊħt
سويت,səwːɪt
سريري,səɾiːɾɪ
عشان,ʕəʃa:n
قرأت,qəɾəʔt
فمكان,fəməkaːn
زمان,zəm:a:n
انو,ɪn:u
لمن,ləm:ən
تسوو,tɪsəwːʊ
سريركم,səɾiːɾəkʊm
يو,ju
بيكم,bikʌm
برودكتف,prodʌktɪfːor
فور,ðə
ذ,rεst
رست,ʌf
افذا,ðə
دي,de:j
صراحة,sˤəɾa:ħə
اتس,ɪts
ترو,tru
انا,ənə
من,mɪn
النوع,ənːoːʕ
اللي,ɪl:i
من,mɪn
جد,dʒɪd
ماقدر,ma:gdʌɾ
اقعد,əgʕʊd
فهدوء,fɪhdu:ʔ
اي,aɪ
ثنك,θɪŋk
اتس,ɪts
بيكز,bikʌz
لما,ləm:ə
اي,aɪ
موفد,muːv
تو,tʊ
لندن,lʌndən
مررا,məɾ:ə
ماكنت,ma:kʊnt
متعودة,mɪtʕəwːɪdə
يعني,jeʕnə
كنت,kʊnt
عايشة,ʕaːjʃə
هنا,hɪnə
ف,fɪ
البيت,lbe:t
و,w
احنا,ɪħnə
لايك,la:ɪk
تقريبا,təgɾi:bən
اطنعشر,tˤnʌʕʃəɾ
شخص,ʃʌxsˤ
ف,fɪ
البيت,lbe:t
كنا,kʊn:ə
فا,fa:
رحت,ɾʊħt
عشت,ʕɪʃt
ف,f
لندن,lʌndən
لحالي,lɪħa:lɪ
فخلاص,fəxəɫa:sˤ
اي,aɪ
كورنت,kʊɾɪn
جست,dʒʌst
اكسبت,əksεbt
الفاكت,ðəfaːkt
انو,ɪn:u
هدوء,hʊduːʕ
فور,fo:r
سفن,sεvn
و,ʊ
دحين,dʌħːiːn
حسيت,ħəsːeːt
بيكيم,bikeɪm
ستش,sʌtʃ
ا,ə
باد,ba:d
هابت,ha:bɪt
من,mɪn
جد,dʒɪd
معرف,məʕɾɪf
كيف,ke:f
اقعد,əgʕʊd
ان,ɪn
سايلنس,saːɪləns
حتى,ħət:ə
وانا,wənə
قاعدة,gaːʕdə
كدا,kɪdə
بس,bəs
دقيقتين,dəgiːgteːn
وهدوء,wʊhduːʔ
ماقدر,ma:gdʌɾ
اشغل,əʃəɣ:ɪl
ميوزك,mju:zɪk
فذحين,fədəħːiːn
ام,ʊm
تشراينق,tʃra:jɪŋ
سمثنق,sʌmθɪŋ
نيو,nju
بدل,bʌdʌl
ماشغل,maːʃʌɣːɪl
ميوزك,mju:zɪk
احاول,əħa:wɪl
اشغل,əʃəɣ:ɪl
بودكاست,po:dka:st
ولا,wel:ə
اشغل,əʃəɣ:ɪl
شي,ʃej
يفيدني,jɪfiːdənɪ
شويا,ʃwej:ə
اكتر,əktəɾ
فا,fə
في,fi
وحدة,wəħdə
يوتوبر,jutuːbəɾ
مرا,məɾ:ə
احبها,əħʊbːəhə
و,w
لقيت,ʊlgiːt
كتابها,ktaːbəhə
ف,f
جرير,dʒəɾiːɾ
امس,əms
مرا,məɾ:ə
تحمست,tħʌmːəst
ان,ɪn
شاء,ʃa:
الله,ɫ:ʌ
نطقت,nətˤʌgt
اسمها,ɪsməhə
صح,sˤʌħ
هادي,ha:dɪ
هيا,hɪj:ə
قايز,gaːɪz
اونسلي,o:nɪslɪ
لو,ləw
عندكم,ʕɪndəkʊm
اي,əj
مشاكل,məʃaːkɪl
فيور,fjuːr
مايندست,maːɪndsεt
ولا,wel:ə
يو,ju
وانا,wənə
بي,bi
مور,mo:r
برودكتف,prʊdʌktɪv
وهاذي,wha:ð
الاشياء,ɪlʔəʃjaʔ
شي,ʃei
از,ɪz
ذ,ð
قو,goʊ
تو,tʊ
حرفيا,ħʌɾfi:jən
كل,kʊl
مرة,mʌɾ:ə
اتفرج,ətfəɾːədʒ
من,mɪn
جد,dʒɪd
سو,soʊ
موتيفيتد,mo:tɪve:tɪd:
تو,tʊ
لايك,la:ɪk
تشينج,tʃei:ndʒ
ماي,ma:ɪ
لايف,laːɪf
اور,ʊr
تشينج,tʃei:ndʒ
ماي,maːɪ
مايندست,maːɪndsεt
فالمهم,fəlmʊhɪm
سرت,sɪɾt
دايما,da:jmən
اشغل,əʃəɣ:ɪl
فديوهاتها,fɪdjʊhaːtəhə
فلباكقراوند,fɪlbaːg:rəwnd
وانا,wənə
اسوي,əsəw:i
اشيائي,əʃjaːʔɪ
بدل,bədəl
ماسمع,maːsməʕ
ميوزك,mju:zɪk
عشان,ʕəʃa:n
صراحة,sˤəɾa:ħə
يساعد,jsaːʕɪd
بس,bəs
تو,tʊ
فل,fɪl
ان,ɪn
ذات,ðaːt
فويد,vo:ɪd
فياه,fəjaː
ذاتس,ða:ts
ماي,maːɪ
تب,tɪp
اف,əf
ذ,ðə
دي,de:j
ابغى,əbɣə
ابدأ,əbdəʔ
اسوي,əsəw:i
مكياجي,mɪkjaːʒɪ
بس,bəs
ف,fɪ
نفس,nəfs
الوقت,elwʌgt
حاسة,ħaːsːə
انو,ɪn:u
اي,aɪ
نيد,ni:d
ماي,ma:ɪ
ماتشا,ma:tʃə
او,əw
اي,aɪ
مايت,ma:j
جست,dʒʌst
داي,da:ɪ
حنروح,ħʌnɾuːħ
المطبخ,əlmʌtˤbəx
امقنا,əmgənə
ميك,meːk
ماي,maːɪ
ماتشا,ma:tʃə
فرست,fr̬st
بعدين,bəʕdei:n
حجي,ħədʒɪ
اتفرج,ətfəɾːʌdʒ
ان,ən
دو,dʊ
ماي,maːɪ
ميكب,me:kʌp
مالاحزتو,maːɫaːħʌzˤtʊ
اي,aɪ
دسايدد,dəsaːɪdɪd
ام,ʊm
قنا,gənə
ستك,stɪk
تو,tʊ
ذس,ðɪs
اوتفت,awtfɪt
معلينا,məʕəlːnə
قايز,gaːɪz
عشان,ʕəʃa:n
المطبخ,əlmʌtˤbəx
الارض,əlʔəɾdˤ
حقو,ħʌgːʊ
مرا,məɾ:ə
مقرف,mʊgɾɪf
شوفو,ʃuːfʊ
ايش,ʃ
حلبس,ħəlbəs
اوكي,oʊkej
لس,ləs
قو,goʊ
هلو,hεlo:
دادا,da:da
تودي,tədeːj
ور,wr
ات,aːɾ
ا,ə
هول,hoːl
نيو,nu
لفل,lεvəl
اف,əf
ليزينس,le:zɪnɪs
ام,ʊm
قنا,gənə
ميك,me:k
ماي,ma:ɪ
ماتشا,ma:tʃə
ستريت,stre:ɪt
انتو,ɪntu
ماي,ma:ɪ
كب,kʌp
عشان,ʕəʃa:n
كدا,kɪdə
اصلا,əsˤlən
الطويل,ətˤːəwiːl
العجيب,əlʕədʒiːb
سويت,səwːeːt
ماتشا,ma:tʃə
معليكم,məʕəleːkʊm
من,mɪn
شكل,ʃəkl
المصاصة,əlməsˤːaːsˤə
العجيبة,əlʕədʒiːbə
عندي,ʕɪndə
ماي,ma:ɪ
هوميد,hoʊmːeɪd
ماتشا,ma:tʃə
تعرفو,tɪʕɾɪfʊ
انو,ɪn:u
لايك,la:ɪk
اتس,ɪts
بن,bɪn
سو,soʊ
لونق,loːŋ
سنس,sɪns
من,mɪn
يوم,jo:m:
ماشتريت,a:ʃtəɾeːt
ماتشا,ma:tʃə
من,mɪn
برا,bəɾːə
لايك,la:ɪk
از,əz
رقيولرلي,rεgjʊlərlɪ
طبعا,tˤebʕʌn
لسا,lɪsːə
اشتري,əʃtəɾi
ماتشا,ma:tʃə
من,mɪn
برا,bəɾːə
سبشلي,spεʃəlɪ
حق,ħʌg
و,wʊ
قود,gʊd
هود,hʊd
بس,bəs
مو,mʊ
كدا,kɪdə
قصدي,gʌsˤdɪ
قصدي,gʌsˤdi
انو,ɪn:u
يعني,jeʕnə
زمان,zəm:a:n
كنت,kʊnt
دايما,da:jmən
اشتري,əʃtəɾi
ماتشا,ma:tʃə
كل,kʊl
يوم,jo:m
من,mɪn
بررا,bəɾːə
فلندن,flʌndən
فسعودية,fɪsːʊʕuːdɪjːə
اتنين,ɪtne:n
يعني,jeʕnə
بس,bəs
بعدين,bəʕdei:n
ممكن,mʊmkɪn
السنة,əsːənə
اللي,l:i
فاتت,fa:tət
لما,ləm:ə
اتعلمت,ətʕəl:mt
كيف,ke:f
اسويه,əsəwːiː
ف,fɪ
البيت,lbe:t
سرت,sɪɾt
خلاص,xəla:sˤ
من,mɪn
جد,dʒɪd
انو,ɪn:u
ممكن,mʊmkɪn
اشتري,əʃtəɾi
ماتشا,ma:tʃə
برا,bəɾːə
يومين,jo:me:n
فلاسبوع,fɪlʊsbuːʕ
غير,ɣe:ɾ
كدا,kɪdə
ام,əm
ميكنق,me:kɪŋ
ات,ɪt
مايسيلف,maːɪsəːlf
و,w
يعجبني,jɪʕdʒɪbnɪ
مو,muː
انو,ɪn:u
مسلا,məsələn
تمشية,təmʃɪjət
حال,ħaːl
سو,soʊ
ذسز,ðɪsz
ما,maː
ماتشا,ma:tʃə
بسم,bɪsmɪ
الله,l:a:
نبدأ,nɪbdəʔ
بماي,bɪmaːɪ
سكن,skɪn
كير,ke:r
خليني,xəlːiːnɪ
اسويلكم,əsəwːiːləkʊm
ان,ən
انبروفشنل,ʌnprʊfεʃənəl
اعلان,ɪʕlaːn
كليرنس,kˤle:rɪns
قايز,ga:ɪz
اي,aɪ
بت,pʊ
اول,o:l
ماي,ma:ɪ
فرندز,frεndz
اون,o:n
ذس,ðɪs
حرفيا,ħʌɾfiːj:ən
كل,kʊl
صحباتي,sˤəħbatɪ
لما,ləm:ə
كانو,kaːnʊ
يجو,jɪdʒʊ
عندي,ʕɪndə
فلندن,flʌndən
ويباتو,wiːbaːtʊ
ف,fɪ
الليل,lːeːl
اديهم,ədːiːhʊm
دا,da
عشان,ʕəʃa:n
يحطوه,jɪħʊtˤuː
اون,ɔːn
ذير,ðeːr
فيس,feɪs
فور,fər
ذير,ðeːr
سكن,skɪn
كير,ke:r
ماحد,ma:ħʌd
عمرو,ʕʊmɾʊ
جربو,dʒəɾːəbʊ
وقلي,ʊgəlːɪ
انو,ɪn:u
ماعجبو,ma:ʕədʒəbʊ
سو,soʊ
ياه,ja
غير,ɣe:ɾ
كدا,kɪdə
اللي,ɪl:i
هو,hʊw:ə
المويسترايزر,əlmoːɪsʃraːɪzr̬
بس,bəs
ماي,maːɪ
سكن,skɪn
ازا,ɪzə
كومبينيشن,komːɪne:ɪʃən
فا,fə
صراحة,sˤəɾa:ħə
ما,maː
عرف,ʕɾɪf
لو,ləw
ذ,ðə
سيم,seɪm
ثنق,θɪŋ
للبشرة,lɪlbəʃəɾə
الناشفة,ənːaːʃfə
بس,bəs
از,əz
ا,ə
كومبو,kɔmbʊ
سكن,skɪn
قرلي,gr̬lɪ
صراحة,sˤəɾa:ħə
مرا,məɾ:ə
مرا,məɾ:ə
اي,aɪ
ركمند,rεkəmənd
انيويز,ənɪwei:z
ذاتس,ða:ts
ماي,ma:ɪ
سكن,skɪnʔ
كير,ke:r
و,w
صراحة,sˤəɾa:ħə
عندي,ʕɪndə
مرا,məɾ:ə
ا,ə
لونق,loːŋ
براسس,prɔsːəs
ذس,ðɪs
از,ɪz
ماي,ma:ɪ
لاست,la:s:
ستب,təp
بس,bəs
دحين,dəħ:e:n
حبدا,ħəbdʌʔ
بلمكياج,bɪlmɪkjaːʒ
نفسو,nəfsʊ
صراحة,sˤəɾa:ħə
ارونو,əɾʊnːoʊ
ايش,e:ʃ
بسوي,əbəsəwːɪ
فلوك,fɪlːʊk
حق,ħʌg
اليوم,əljo:m
سو,soʊ
قنا,gənə
ديسايد,dɪsaːɪd
وال,waːl
ام,əm
دونق,dʊɪŋ
ات,ɪ
قاعدة,gaʕːdə
اقرر,əqəɾːɪɾ
ايت,əjːɪ
فديو,fɪdju:
بتفرج,bətfəɾːədʒ
على,ʕələ
وال,waːl
اي,aɪ
دو,du
ماي,maɪ
ميكب,me:kʌp
صراحة,sˤəɾa:ħə
معرف,məʕɾɪf
ممم,mː
ماستر,maːstər
يور,juːr
منتل,mεntəɫ
هلث,hεɫθ
ياس,jaːs
اي,aɪ
ثنك,θɪŋk
هدا,ha:də
هوا,hʊw:ə
ريكليمنق,riːkleɪmɪŋ
يور,juːr
بيس,pi:s
ياه,ja:
حتفرج,ħətfəɾːədʒ
على,ʕələ
دا,da
شو,ʃoʊ
ذس,ðɪs
تو,tʊ
يو,ju
قايز,gaːɪz
كل,kʊl
فديو,fɪdju:
بس,bəs
معليكم,məʕəleːkʊm
ات,ɪt
سو,soʊ
كيوت,kjuːt
ما,maː
اقدر,gdəɾ
حرفيا,ħʌɾfi:jən
اشتريتو,əʃtəɾeːtʊ
من,mɪn
اليابان,əljaːbˤan
ام,əm
ادكتد,ədɪktɪd
قاثز,gaːɪz
شوفو,ʃuːfʊ
شكل,ʃʌkl
الميكب,əlmeːkʌp
لوك,lʊk
معرف,məʕɾɪf
اذا,əða
باين,ba:jɪn
ولا,wel:ə
لا,la
هنا,hɪnə
دييقة,dəjiːgə
خلينا,xəlːiːnə
نروح,nɾuːħ
انتو,ɪntʊ
سنلايت,sʌnlaːɪt
عشان,ʕəʃa:n
اوريكم,əwəɾːiːkʊm
سو,soʊ
براود,pra:wd
لك,lʊk
ات,ə
ذس,ðɪs
من,mɪn
ماما,mɔːmə
امس,əms
لما,ləm:ə
كنت,kʊnt
عندها,ʕɪndəhə
بعدين,bəʕdei:n
عندي,ʕɪndə
ماي,maːɪ
اونسلي,ɔnɪslɪ
فايبز,va:jbz
اونسلي,ɔnəslə
ام,əm
سو,soʊ
براود,pra:wd
او,ʌ
ماي,maɪ
قاد,gɔd
لك,lʊk
ات,ɪt
ذ,ð
آي,a:ɪ
ميكب,me:kʌp
واو,wa:w
ام,əm
قرنق,gɪɾɪŋ
برر,bεɾr̬
باي,baːɪ
ذ,ðə
دي,de:j
والله,wəɫ:ɔ
اتس,ɪts
سو,soʊ
نايس,na:ɪs
تو,tʊ
هاف,haːv
فرنز,frεndz
ذات,ðaː
نو,noʊ
وت,wʌ
ذير,ðeːr
دوينق,dʊɪŋ
عشان,ʕəʃa:n
كل,kʊl
مرة,mʌɾ:ə
اقعد,əgʕʊd
مع,məʕ
صحباتي,sˤəħbaːtɪ
يقعدو,jɪgʕʊdʊ
يعلموني,jʕəlːɪmuːnɪ
طرايق,tˤəɾaːjɪg
جديدة,dʒədiːdə
عشان,ʕəʃa:n
اسوي,əsəw:i
ماي,maːɪ
ميكب,me:kʌp
قاد,gaːd
اوكي,oʊkei
انيويز,ənɪwei:z
ام,əm
قونا,gənə
فلم,fɪlm
ا,ə
فيو,fju
تكتوكس,tɪktaːks
وبعدين,wʊbəʕdei:n
حفطر,ħəftˤʊɾ
مع,məʕ
فام,fam
ول,wəl
حتغدى,ətɣədːə
اتس,ɪts
برنش,brʌnʃ
بيسكلي,beːsɪklɪ
لو,ləw
بتابعوني,bɪtːaːbʕuːnɪ
على,ʕələ
تكتوك,tɪktak
حتعرفو,ħətɪʕɾɪfʊ
انو,ɪn:u
من,mɪn
جد,dʒɪd
مرا,məɾ:ə
بحاول,bəħaːwɪl
اصلي,əsˤəl:ə
اون,on
تايم,taːɪm
فرم,frəm
ناو,naːw
اون,oːn
عشان,ʕəʃa:n
عندي,ʕɪndə
مشكلة,mʊʃkɪlə
كبيرة,kəbi:ɾə
اني,n:i
حمدلله,ħəmdɪlaː
اصلي,əsˤəl:ə
كل,kʊl
صلواتي,sˤələwaːtɪ
بس,bəs
بس,bəs
مابصليها,maːbəsˤʌlːiːhə
اون,on
تايم,taːɪm
ف,fə
من,mɪn
يوم,joːm
ما,maː
يأدن,jʔədːɪn
دحين,dəħ:e:n
ماسرت,maːsɪɾt
استنى,əstənːə
على,ʕələ
طول,tˤuːl
اقوم,əguːm
اصلي,əsˤəl:ɪ
سي,seɪ
هاي,haːɪ
تو,tʊ
ماي,maːɪ
فلوق,vlo:g
هنل,hɪnəlː
فطور,fətˤuːɾ
ووركن,wʊrkɪn
اون,oːn
اء,ɪʔ
بس,bəs
ياه,jaː
المهم,almʊhɪm
تغديت,tɣʌdːeːt
مع,məʕ
اهلي,əhlɪ
واليوم,wəljoːm
قررت,qəɾːəɾt
حطلع,ħʌtˤləʕ
بيت,beːt
صحبتي,sˤəħbətɪ
فا,faː
رحت,ɾʊħt
تجهزت,tʒʌhːʌzt
بعدين,bəʕdei:n
كمان,kəma:n
اشتغل,əʃtəɣɪl
ع,ʕə
ما,maː
يوتوب,juːtuːb
فديو,fɪdju:
يلا,jʌɫːə
لس,ləs
قو,goʊ
قف,gɪv
اس,əs
لكا,ləkə
برابر,prɔpr̬
تور,tuːr
ون,wən
اي,aɪ
فرست,fr̬st
ستارتد,staːrdɪd
درون,drɔwɪŋ
ذس,ðɪs
يير,jiːr
يعني,jeʕnə
لا,la
ماشالله,ma:ʃʌɫ:ɔ:
سو,soʊ
نايس,naːɪs
في,fi
رفرنس,rεfrəns
ولا,wel:ə
بس,bəs
كدا,kɪdə
سم,sʌm
اف,əf
ذم,ðəm
في,fi
اي,aɪ
دون,doʊn
رممبر,rɪmεmbr̬
اي,aɪ
دون,doʊn
ثنك,θɪŋk
سو,soʊ
بعدينا,bəʕdeːnə
دس,ðɪs
ون,wʌn
إ,ɪ
وز,wəz
لايك,la:ɪk
واتر,waːɾr̬
كولير,kʊlɪr
تشراينق,tʃra:jɪŋ
اوت,aːw
سمثنق,sʌmθɪŋ
نيو,nuː
ذس,ðɪs
وز,wəz
لايك,la:ɪk
ا,ə
رفرنس,rεfrəns
بنتشست,pɪntrɪst
ذا,ða:
كد,kʊd
بي,bi
مي,mi
لوكي,loʊkiː
اتس,ɪts
نفر,nεvr̬
فنشد,fɪnɪʃd
مررا,məɾ:ə
كيوت,kjuːt
ذو,ðoʊ
ماشالله,ma:ʃʌɫ:ɔ:
لاك,ɫaːk
ماي,ma:ɪ
موست,moʊst
ريسنت,ri:sənt
درونق,drɔwɪŋ
اف,əf
لايكا,ɫaːɪkə
برسن,pr̬sɪn
ماشالله,ma:ʃʌɫ:ɔ:
ذر,ðɪr
سو,soʊ
نايس,naːɪs
او,ʊw
ثينكس,θeŋks
ان,en
ذن,ðən
ا,ə
وز,wəz
تشراينق,tʃra:jɪŋ
سمثنق,sʌmθɪŋ
وذ,wɪð
لايك,la:ɪk
تشاك,tʃɔk
هير,hi:r
هنا,hɪnə
برضو,bəɾdˤu
حلو,ħɪlu
ماشالله,ma:ʃʌɫ:ɔ:
ان,en
ذز,ðɪz
لاي,laɪ
ماي,ma
موست,moʊst
ريسنت,ri:sənt
ريسنت,ri:sənt
ون,wʌn
ماشالله,ma:ʃʌɫ:ɔ:
مرا,məɾ:ə
حلو,ħɪlu
ذاتس,ða:ts
ات,ɪt
فور,fr̬
ناو,naːw
يعني,jeʕnə
درا,dʒrɔː
مي,mi
نكست,nεkst
يلا,jəɫːə
يور,jr̬
نكست,nεkst
اوكي,oʊkei
انيويز,ənɪwei:z
قايز,ga:ɪz
ذاء,ða:ʔ
وز,wəz
ذاتس,ða:ts
هر,hr̬
درونق,dʒrɔɪŋ
مي,miː
ن,jɪn
ماي,maː
فرند,frεnd
جس,dʒəs
كيم,keːɪm
باك,baːk
فرم,frʌm:
مصر,əsˤəɾ
ان,ən
لك,lʊk
وت,wʌt
شي,ʃi
قات,gɔːʔ
مي,mi
اتس,ɪts
سو,soʊ
كيوت,kjuːt
حتى,ħət:ə
جابتلي,dʒa:bʌtli
ذس,ðɪs
اسورة,ɪswəɾə
اتس,ɪts
سو,soʊ
كيوت,kjuːt
آونو,aːwnːoʊ
اف,ɪf
يو,jʊ
كن,kɪn
سي,sɪ
اء,əʔ
ثينك,θeŋk
يو,ju
اتس,ɪts
سو,soʊ
كيوت,kjuːt
حتى,ħət:ə
البني,lbˤʌnɪ
من,mɪn
قدام,gʊd:a:m
ياكل,jaːkʊl
ملوخية,mʊiuːxiːjːə
ذيرز,ðeːrz
ون,wʌn
ثنق,θɪŋ
ذاتس,ða:ts
نات,nɔʔ
فري,vərɪ
بي,pi:
جي,dʒi:
سو,soʊ
اول,ɔː
ي,jʊ
ترايا,tʃraːj:ə
دو,du
از,z
ميك,me:k
مي,mi
فاء,fa:ʔ
واحنا,wɪħnə
قاعدين,gaːʕdiːn
فدة,fədːː
قررنا,qʌɾːəɾnə
انا,ənə
وصاح,wsˤəħ
نبا,nɪbə
نروح,nɾuːħ
كير,keːr
آوتلت,awtlɪt
هي,hi:jə
كانت,ka:nət
تحتاج,tɪħtadʒ
كم,kəm
شي,ʃej
وانا,wənə
الصراحة,sˤːəɾaːħə
طلبت,tˤəlʌbt
رموش,ɾʊmuːʃ
من,mɪn
قبل,gəbɪl
كم,kəm
يوم,joːm
لغاية,lɪɣaːjət
دحين,dəħ:e:n
ماوصلت,maːwɪsˤlət
خلاص,xəla:sˤ
حموت,ħʌmuːt
من,mɪn
دون,du:n
رموشي,ɾəmuːʃɪ
فرحنا,fəɾʊħnə
بس,bəs:
اشترينا,əʃtəɾeːnə
رموش,ɾʊmuːʃ
وكمان,wkəmaːn
طبعا,tˤebʕʌn
وي,wi
قات,gɔː
ا,ə
بت,bɪ
دستراكتد,dːɪstraːktɪd
فجأة,fədʒʔə
لقيت,ləgeːt
نفسي,nəfsɪ
اشتريت,ʃtəɾeːt
صابونة,sˤaːbuːnət
جسم,dʒɪsɪm
وفجاة,fədʒʔə
لقيت,ləgeːt
نفسي,nəfsɪ
اشتريت,ʃtəɾeːt
اشياء,əʃja:ʔ
برضو,bəɾdˤu
شويا,ʃwej:ə
راندم,rændəm
وصراحة,wsˤəɾa:ħə
كلها,kʊl:əhə
اشياء,əʃja:ʔ
اي,aɪ
نيدد,niːdɪd
وصراحة,wsˤəɾa:ħə
قايز,gaːɪz
ام,əm
آكشلي,aːkʃəlɪ
ادكتد,ədɪktɪd
تو,tʊ
كير,ke:r
آوتلت,awtlɪt
اي,aɪ
ثنك,θɪŋk
صحبتي,sˤʌħbətɪ
كمان,kəma:n
وبعدها,ʊbəʕdəhə
كمان,kəma:n
كانت,ka:nət
تبغاني,tɪbɣaːnɪ
اجرب,ədʒəɾːɪb
محل,mħʌl
حق,ħʌg
شاهي,ʃaːhɪ
طيب,tˤej:ɪb
نحكيكم,nɪħʌkiːkʊm
ع,ʕə
الاختطاف,lʔɪxtɪtˤa:f
الاول,əlʔʌw:əl
طبعا,tˤebʕʌn
زي,zəj
ماقلتلك,ma:gʊltəlːək
انا,ənə
الاختطاف,əlɪxtɪtˤa:f
الاول,əlʔʌw:əl
انا,ənə
كنت,kʊnt
مساعد,mʊsaːʕɪd
طيار,tˤəjːaːɾ
توي,təwːɪ
متخرج,mɪtxʌɾːɪdʒ
جديد,ʒədi:d
وكنا,wkʊnːə
رايحين,ɾaːjħiːn
جدة,dʒɪd:ə
رياض,ɾjaːdˤ
على,ʕələ
رحلة,ɾɪħlə
صفر,sˤɪfɪɾ
اربعة,əɾbəʕə
صفر,sˤɪfɪɾ
صفر,sˤɪfɪɾ
اربعين,əɾbəʕiːn
رحلة,ɾɪħlə
جدة,dʒɪd:ə
رياض,ɾjaːdˤ
طبعا,tˤebʕʌn
عادة,ʕaːdətən
احنا,ɪħnə
غرفة,ɣʊɾfət
القيادة,qjaːdə
يتم,jətɪm
تكريمنا,təkɾiːmənə
بصراحة,bsˤəɾaːħə
انو,ɪn:u
ايش,e:ʃ
لما,ləm:ə
تطلع,tɪtˤləʕ
الطيارة,ətˤːəjːaːɾə
في,fi
اماكن,əmaːkɪn
درجة,dəɾədʒə
اولى,ʔu:lə
يجلسونا,jɪdʒəlːɪsuːnə
درجة,dəɾədʒə
اولى,ʔu:lə
طبعا,tˤebʕʌn
سوولنا,səwːoːlənə
ابقريد,əbgɾeːd
طلعنا,tˤɪlɪʕnə
درجة,dəɾədʒə
اولى,u:lə
انا,ənə
والكبتن,wəlkəbtɪn
كان,kɑn
كبتن,kəbtɪn
كيجج,keːdʒdʒ
اي,əj
راكب,ɾaːkɪb
فلحالتين,fɪlħaːləteːn
طالعين,tˤaːlʕiːn
احنا,ɪħnə
يسموها,jsəmːuːhə
ددد,dədɪd
تطلع,tɪtˤlʌʕ
كراكب,kəɾaːkɪb
بزي,bɪz:i
الرسمي,əɾːəsmɪ
وبعدين,wʊbəʕdei:n
تشتغل,tɪʃtəɣɪl
رحلة,ɾɪħlə
ثانية,θa:njə
ريبوزشن,ɾiːbʊzɪʃɪn
يعتبروها,jɪʕtəbɾuːhə
يعني,jeʕnə
انك,ɪn:ək
تروح,tɪɾʊħ
مكان,məkaːn
ثاني,θaːnɪ
وبعدين,wʊbəʕdei:n
تشتغل,tɪʃtəɣɪl
رحلة,ɾɪħlə
ثانية,θa:njə
احنا,ɪħnə
طالعين,tˤaːlʕiːn
بالزي,bɪz:i
الرسمي,əɾːəsmɪ
كركاب,kəɾʊkːaːb
بس,bəs
طبعا,tˤebʕʌn
احنا,ɪħnə
يعني,jəʕnɪ
في,fɪ
حالة,ħaːlət
اضطرارية,ɪtˤːɪɾaːɾiːjːə
مثلا,məθələn
نساعد,nɪsaːʕɪd
لازم,la:zɪm
ت,tə
تساعد,tɪsaːʕɪd
فتح,fətħ
باب,baːb
نزل,nəzːɪl
ركاب,ɾʊkːaːb
ساعد,saːʕɪd
رجال,ɾɪdʒːaːl
كبير,kəbiːɾ
زي,zəj
كذا,kɪðə
يعني,jeʕnə
مدربين,mdəɾːəbiːn
ايش,e:ʃ
برضو,bəɾdˤu
نعتبر,nʊʕtəbəɾ
ملاحين,məlːaːħiːn
ف,fə
الطائرة,tˤːaːɪɾə
الشاهد,əʃːaːhɪd
بعد,beʕd
الاقلاع,əlɪqlaːʕ
احنا,ɪħnə
جالسين,dʒaːlsiːn
ف,fɪ
درجة,dəɾədʒə
اولى,u:lə
طبعا,tˤebʕʌn
اتذكر,ətðəkːəɾ
انا,ənə
والله,wəɫ:ə
انو,ɪn:u
ف,fɪ
الجهة,ldʒɪhə
اليمين,ljəmiːn
اول,əwːəl
كرسيين,kʊɾsɪjeːn
تراي,tɾaːɪ
ستار,staːɾ
تراي,tɾaːɪ
ستار,staːɾ
تعتبر,tʊʕtəbəɾ
طيارة,tˤəjːaːɾə
والمقاعد,wəlməgaːʕɪd
ديك,ðiːk
الفخمة,əlfʌxmə
وشغل,wxʊɣʊl
يعني,jeʕnə
ايامها,əjːaːməhə
كان,kɑn
يعني,jeʕnə
كانت,ka:nət
الخطوط,əlxʊtˤuːtˤ
تعتبر,tʊʕtəbəɾ
من,mɪn
من,mɪn
افضل,əfdˤəl
خطوط,əlxʊtˤuːtˤ
فالشرق,fɪʃːəɾg
الاوسط,əlʔəwsˤʌtˤ
جالسين,dʒaːlsiːn
الا,ɪl:ə
بعد,beʕd
الاقلاع,əlɪqlaːʕ
اعزكم,əʕəzːəkʊm
الله,aɫ:ɔ
دخلت,dəxəlt
دورة,dəwɾət
المياه,əlmɪjaːh
وانا,wənə
داخل,daːxɪl
دورة,dəwɾət
المياه,əlmɪjaːh
فلامام,fɪləmaːm
قابلتني,gaːbələtnɪ
تونسي,tuːnsɪ
ااا,aː
مضيفة,mʊdˤiːfə
تركية,tʊɾkɪjːə
قالتلي,ga:lʌtli
انو,ɪn:u
في,fi
معانا,mʕa:nə
مختطف,mʊxtətˤɪf
طبعا,tˤebʕʌn
انا,ənə
يعني,jeʕnə
وقتها,wʌgtəhə
مني,mənɪ
مركز,mɾəkːɪz
صراحة,sˤəɾa:ħə
دخلت,dəxəlt
الحمام,əlħəmːaːm
اعزك,əʕəzːək
الله,aɫ:ɔ
وانا,wənə
خارج,xaːɾɪdʒ
قالتلي,ga:lʌtli
هي,hi:
بوينت,poɪnt
ا,ə
قن,gʌn
انتو,ɪntʊ
ماي,maːɪ
نك,nək
ان,ən
هي,hiː
فورسد,foːɾsd
مي,mi
تو,tʊ
اوبن,ʊbɪn
ذ,ð
كوكبت,kʊkbɪd:
دور,oːɾ
يعني,jeʕnə
حط,ħʌtˤ
المسدس,əlmʊsədːəs
على,ʕələ
رقبتها,ɾəgəbəthə
قلها,gəlːəhə
افتحي,əftəħɪ
باب,baːb
غرفة,ɣʊɾfət
القيادة,əlqjaːdə
طبعا,tˤebʕʌn
دحين,dəħ:e:n
الان,əlʔa:n
الموظوع,əlməwðˤuːʕ
يعني,jeʕnə
جاد,dʒaːd
رحت,ɾʊħt
للكبتن,lɪlkəbtɪn
اللي,ɪl:i
معايا,məʕa:jə
طبعا,tˤebʕʌn
انا,ənə
خبرتي,xɪbɾətɪ
قليلة,gəliːlə
لسع,lɪsːʌʕ
توي,təwːɪ
متخرج,mɪtxəɾːɪdʒ
و,w
هذا,ha:ðə
رحت,ɾʊħt
للكبتن,lɪlkəbtɪn
قلتلو,gʊltəlːʊ
كبتن,kəbtɪn
ترا,təɾə
معانا,mʕa:nə
مختطف,mʊxtətˤɪf
يعني,jeʕnə
اش,ɪʃ
تتوقع,tɪtwʌgːəʕ
يسير,ɪsi:ɾ
قلي,gəl:i
احنا,ɪħnə
مالنا,maːlənə
شغل,ʃʊɣʊl
احنا,ɪħnə
حسب,ħʌsəb
الانظمة,əlʔənðˤɪmə
نقعد,nɪgʕʊd
وننتظر,ʊnɪntəðˤɪɾ
والله,wəɫ:ɔ
بصراحة,bsˤəɾaːħə
شوف,ʃu:f
يعني,jeʕnə
الحس,əlħɪsː
الوطني,əlwətˤʌnɪ
خلاني,xəlːaːnɪ
اخد,aːxʊd
المبادرة,əlmʊbaːdəɾə
واحاول,wəħawɪl
اشوف,əʃu:f
اي,əj
طريقة,təɾi:gə
انو,ɪn:u
ممكن,mʊmkɪn
ننهي,nɪnhɪ
الاختطاف,lɪxtɪtˤa:f
ذا,ðə
يعني,jeʕn
بأقل,bɪʔ̃əqʌlː
الخسائر,əlxəsaːʔ̃ɪɾ
ف,fɪ
البداية,lbɪdaːjə
لأ,ləʔ
طبعا,tˤebʕʌn
ف,fɪ
البداية,lbɪdaːjə
محد,mʌħəd
لاحظ,laːħʌðˤ
بس,bəs
بعدين,bəʕdei:n
طبعا,tˤebʕʌn
مع,məʕ
الاحداث,əlʔəħdaːθ
سارو,saːɾʊ
الناس,naːs
انتبهو,əntəbəhʊ
طبعا,tˤebʕʌn
يعني,jeʕnə
الرحلة,ɾːɪħlə
كانت,ka:nət
ساعة,sa:ʕə
ونص,wnʊsˤ
قعدنا,gəʕədnə
احنا,ɪħnə
حوالي,ħəwaːlɪ
ساعت,saːʕət
تلات,təlaːt
ساعات,saʕaːt
فالجو,fɪldʒəw
والله,wəɫ:ɔ
شوف,ʃu:f
يعني,jeʕnə
انا,ənə
حذكرلك,ħʌðkʊɾlək
هي,hi:jə
اثناء,əθnaʕ
الحديث,əlħədiːθ
اتعرف,ətɪʕɾɪf
الناس,ənaːs
ماهم,maːhʊm
داريين,daːɾjiːn
يعني,jeʕnə
ااا,aː
ساعة,sa:ʕə
ونص,wnʊsˤ
وتسير,wʊtsiːɾ
مثلا,saːʕəteːn
ساعتين,məθələn
تسير,tsiːɾ
ساعتين,wnʊsˤ
ونص,saːʕəteːn
ثلاثة,θəlaːθə
ساعات,saːʕaːt
يبدأو,jɪbdəʕʊ
الناس,nːaːs
يقلقو,jɪgləgʊ
يعني,jeʕnə
انا,ənə
كنت,kʊnt
امر,amʊɾ
في,fɪ
اثناء,əθnaːʔ
امر,amʊɾ
ف,fɪ
ال,l
ممرات,məməɾːaːt
اشوف,əʃu:f
انا,ənə
اش,ɪʃ
الوضع,əlwʌdˤʕ
كيف,ke:f
الوضع,əlwʌdˤɪʕ
يعني,jeʕnə
كانو,kaːnʊ
يسالوني,jɪsʔəluːnɪ
طبعا,tˤebʕʌn
انا,ənə
عشاني,ʕəʃənːɪ
لابس,la:bɪs
يونيفورم,jʊnɪfoːɾm
اش,ɪʃ
في,fɪ
في,fɪ
ليش,le:ʃ
مانزلنا,manəzəlnə
قلتلهم,gʊltəlːəhʊm
والله,wəɫ:a
مطار,mətˤaːɾ
الرياض,əɾːɪjaːdˤ
مغلق,mʊɣləq
ورايحين,wɾaːjħiːn
لمطار,mətˤaːɾ
الظهران,əðˤːhɾaːn
في,fi
ذلك,ða:lɪk
الوقت,elwʌqt
يعني,jeʕnə
احنا,ɪħnə
نحاول,nħaːwɪl
قد,gəd
مانقدر,maːnɪgdəɾ
انو,ɪn:u
ما,ma:
يسير,jsi:ɾ
ذعر,ðʊʕɾ
ف,fɪ
الطائرة,tˤːaːʔɪɾə
لمن,ləm:ən
يسير,jesi:ɾ
ذعر,ðʊʕɾ
حيسير,ħəjsiːɾ
مشاكل,məʃaːkɪl
حيسير,ħəjsiːɾ
مثلا,məθələn
حتتطور,ħətɪtˤːəwːɾ
الامور,əlʔʊmuːɾ
الشاهد,əʃːaːhɪd
انا,ənə
دخ,dəx
دحين,d
د,deħ:i:n
كلمت,kəlːəmt
الكبتن,əlkəbtɪn
طبعا,tˤebʕʌn
ماعجبني,maːʕədʒəbnɪ
كلام,kəlaːm
الكبتن,əlkəbtɪn
هو,hʊw
الصراحة,əsˤːəɾaːħə
الكلامو,əlkəlaːmʊ
هوا,hʊw:ə
الصح,əsˤːʌħ
يعني,jeʕnə
احنا,ɪħnə
مانقدر,maːnɪgdəɾ
المفروض,əlməfɾuːdˤ
انو,ɪn:u
مانسوي,maːnsəwːɪ
شي,ʃej
اللي,ɪl:i
خلاني,xəlaːnɪ
ااا,aː
ابادر,əbaːdɪɾ
بالمهمة,bɪlmʊhɪmːʌ
دي,di
انو,ɪn:u
مافي,maːfɪ
عندنا,ʕɪndənə
سعوديين,sʕuːdɪjiːn
مرة,məɾːə
يعني,jeʕnə
اللي,l:i
ااا,a:
اللي,ɪl:i
موجودين,məwdʒuːdiːn
في,fi
ذاك,ðaːlɪk
الوقت,elwʌqt
طبعا,tˤebʕʌn
ماكان,maːkaːn
في,fi
مضيفين,mʊðˤiːfːn
سعوديين,sʕuːdɪjiːn
معظمهم,mʊʕðˤʌmhʊm
اجانب,ədʒaːnɪb
ال,əl
ال,əl
الطاقم,ətˤːaːqʌm
اللي,ɪl:i
موجود,məwdʒuːd
كان,ka:n
فرانكفرت,fɾaːŋkfʊɾt
بيس,beɪs
يعني,jeʕnə
هما,hʊmːə
ساكنين,sa:kni:n
ففرانكفت,fɪfɾaːŋkfʊɾt
ويشتغلو,wɪʃtʌɣlʊ
رحلات,ɾɪħlaːt
ويرجعو,wɪɾdʒəʕʊ
فرانكفورت,fɾaːŋkfʊɾt
كلهم,kʊlːəhʊm
تقريبا,təqɾi:bən
جنسيات,dʒɪnsɪjːaːt
الشاهد,əʃːaːhɪd
بعد,beʕdɪ
كدا,kɪdə
نزلنا,nəzəlnə
رحت,ɾʊħt
المستشفى,əlmʊstəʃfə
طبعا,tˤebʕʌn
اعطوني,əʕtˤoːnɪ
ابرت,ɪbɾət
في,fi
عندهم,ʕɪndʌhʊm
ااا,a:
طبعا,tˤebʕʌn
لمن,ləmːən
تكون,tɪku:n
هاذي,haːðˤɪ
تعتبر,tʊʕtəbəɾ
تسمم,təsəmːʊː
يعطوك,jɪʕtˤuːk
ابرت,ɪbɾət
ااا,aː
عدة,ʕɪdːə
ابر,ɪbəɾ
من,mɪn
ااا,aː
عضة,ʕədˤːət
الكلب,əlkəlb
واخذونا,wəxəðoːnə
طبعا,tˤebʕʌn
صحافة,sˤəħaːfə
كانت,ka:nət
وقتها,wəgtəhə
طبعا,tˤebʕʌn
ماهو,ma:hʊ
زي,zəj
الآن,əlʔaːn
الميديا,əlmiːdjə
كان,ka:n
الناس,ənːas
في,fi
ذلك,ða:lɪk
الوقت,elwʌqt
طبعا,tˤebʕʌn
الميديا,əlmiːdjə
ااا,a:
تختلف,tɪxtəlɪf
تماما,təmaːmən
كان,ka:n
في,fi:
سي,si
ان,ən
ان,ən
و,uː
بي,bi
بي,bi
سي,si
طبعا,tˤebʕʌn
حاولو,ħaːwəlʊ
يسوو,jsəwːʊ
معانا,məʕa:nə
مقابلة,mʊqaːbələ
قلتلهم,gʊltəlːəhʊm
انا,ənə
ماسوي,ma:səwːɪm
مقابلة,mʊqaːbələ
نحنا,nɪħnə
حسب,ħəsəb
القوانين,əlqəwaːniːn
انو,ɪn:u
ممنوع,məmnuːʕ
نسوي,nsəwːɪ
اي,əj
مقابلات,mʊqabəla:t
طبعا,tˤebʕʌn
عندهم,ʕɪndʌhʊm
هما,hʊmːə
امفرميشن,ɪmfʊɾmeɪʃɪn
اا,a:
معلومات,məʕluːmaːt
من,mɪn
الركاب,əɾ:ʊk:a:b
طبعا,tˤebʕʌn
الركاب,əɾ:ʊk:a:b
مافي,maːfɪ
انطلق,əntˤʌlʌq
ااا,a:
المهم,almʊhɪm
اخذونا,əxəðoːnə
اقولك,əgʊlːək
علمستشفى,ʕəlmʊstəʃfə
بعدين,bəʕdei:n
رحنا,ɾʊħnə
الفندق,əlfʊndʊg
استقبلونا,əstəgbəloːnə
مين,mi:n
ركاب,ɾʊkːaːb
طبعا,tˤebʕʌn
ال,əl
ااا,a:
سفارة,səfaːɾə
السعودية,əsːʊʕuːdɪj:a
قامو,gaːmu
بلواجب,bɪlwaːdʒɪb
جزاهم,dʒəzaːhʊm
الله,aɫ:ɔ
خير,xeːɾ
حجزولنا,ħədʒəzoːlənə
فندق,fʊndʊg
و,wʊ
نزلنا,nəzəlnə
ف,f
الفندق,ɪlfʊndʊg
امنولنا,əmːənoːlənə
طبعا,tˤebʕʌn
انو,ɪn:u
جابو,dʒaːbu
العفش,əlʕʌfʃ
حق,ħʌg
الركاب,əɾ:ʊk:a:b
من,mɪn
الطيارة,ətˤːəjːaːɾə
لان,lən
الركاب,əɾ:ʊk:a:b
طبعا,tˤebʕʌn
في,fi
ناس,na:s
قطعت,gətˤːəʕət
ملابسهم,məlaːbɪs:hʊm
فساتينهم,fəsaːtiːnəhʊm
مع,məʕ
النزول,ənːʊzuːl
ويحتاجو,wjɪħtaːdʒʊ
يتغيرو,jɪtɣəjːəɾʊ
ويحتاجو,wjɪħtaːdʒʊ
ووو,wu:
يعني,jeʕnə
كل,kʊl
واحد,wa:ħɪd
ياخد,jaːxʊd
شنطتو,ʃˤʌnˤtˤətʊ
وصلت,wɪsˤɪlt
الفندق,əlfʊndʊg
انا,ənə
صارو,sˤɑːɾu
يصفقولي,jsˤʌf:ɪgu:lɪ
انا,ənə
و,w
معايا,məʕaːjə
فلمبان,fɪlɪmbaːn
ووو,wu:
معانا,mʕa:nə
حمد,ħʌməd
بوسبيد,bʊsbeːd
انو,ɪn:u
ع,ʕə
العمل,əlʕəməl
البطولي,əlbʊtˤuːlɪ
اللي,l:i
عملناه,ʕəməlnaː
طبعا,tˤebʕʌn
كان,kən
يعني,jeʕnə
فرحة,fəɾħə
صراحة,sˤəɾa:ħə
وكان,wkaːn
انا,ənə
قلتلهم,gʊltəlːəhʊm
صراحة,sˤəɾa:ħə
هذا,ha:ðə
واجبنا,wadʒɪbnə
يعني,jeʕnə
هذا,ha:ðə
ال,əl
اا,aː
بنأدي,bɪnʔədːɪ
الواجب,lwaːdʒɪb
رحت,ɾʊħt
الغرفة,əlɣʊɾfə
طبعا,tˤebʕʌn
انا,ənə
ريحت,wɾəjːəħt
شويا,ʃwej:ə
كذا,kɪðə
صليت,sˤʌleːt
و,w
ريحت,ɾəjːəħt
طبعا,tˤebʕʌn
ابغى,əbɣə
ابغى,əbɣə
انام,ənaːm
يعني,jeʕnə
مهو,məhʊ
دخلت,dəxəlt
فنومة,fɪnoːmə
الا,əl:ə
جاتني,dʒaːtənɪ
كوابيس,kəwabiːs
كمان,kəma:n
يعني,jeʕnə
كوابيس,kəwaːbiːs
تعرف,tɪʕɾɪf
ما,maː
يعني,jeʕnə
هاذا,ha:də
ااا,a:
ااا,a:
هاذا,ha:də
يعني,jeʕnə
انو,ɪn:u
تقوم,dgu:m
منزعج,mɪnzəʕɪdʒ
مانك,maːnək
عارف,ʕa:ɾɪf
ليش,le:ʃ
يعني,jeʕnə
يعني,jeʕnəv
ااا,a:
انام,ənaːm
شويا,ʃwej:ə
اقوم,əguːm
ااا,a:
ااا,a:
اتنا,ətna
اتفزز,ətfəzːəz
كذا,kɪðə
و,w
المهم,almʊhɪm
طبعا,tˤebʕʌn
ارسلونا,əɾsəloːnə
طيارة,tˤəjːaːɾə
اخرى,ʊxɾə
من,mɪn
السعودية,əsːʊʕuːdɪjːə
و,wʊ
جا,dʒa
معاهم,məʕəhʊm
طبعا,tˤebʕʌn
مدير,mʊdiːɾ
السلام,əsːəlaːm
في,fi
ذلك,ða:lɪk
الوقت,elwʌqt
ااا,a:
كبتن,kəbtɪn
محمد,mħʌmːəd
برنجي,bɾʊndʒɪ
ومعاهم,wməʕaːhʊm
صحفيين,sˤʌħfɪjiːn
جو,dʒoː
بطيارة,btˤəjːaːɾə
اير,eːɾ
بس,bʌs
ووو,wu:
طبعا,tˤebʕʌn
طلعنا,tˤɪlɪʕnə
الطيارة,ətˤəjːaːɾə
احنا,ɪħnə
وسارو,wsaːɾʊ
يستجوبونا,jɪstədʒwɪbuːnə
ومش,wmʊʃ
عارف,ʕa:ɾɪf
ايش,e:ʃ
المختطف,əlmʊxtətˤɪf
بعدين,bəʕdei:n
طبعا,tˤebʕʌn
ااا,aː
مختطف,mʊxtətˤɪf
طبعا,tˤebʕʌn
ما,maː
مات,maːt
هوا,hʊw:ə
يعني,jeʕnə
ما,maː
مات,maːt
ط,tˤə
ااا,aː
انا,ənə
فكتابي,fɪktaːbɪ
ذكرت,ðˤəkəɾt
ااا,aː
نبذة,nʊbðə
عنو,ʕʌnːʊ
الآن,əlʔaːn
اشسرلو,ɪʃsəɾlʊ
بعدين,bəʕdei:n
توفى,twəfːə
ااا,a:
وفاة,wəfa:
طبيعية,tˤəbiːʕɪjːə
في,fi
ييي,i:
ااا,a:
منطقة,məntˤɪqə
فليمن,fɪljəmən
وذكرت,wðʌkˤʌɾt
لو,luː
وكذا,wkɪðə
تقريبا,təqɾi:bən
ااا,aː
صفحة,sˤəfħə
عن,ʕʌn
ااا,a:
العمل,əlʕmʌəl
اللي,ɪl:i
كان,kaːn
يعملو,jʌʕməlʊ
و,wu
اش,ɪʃ
اهدافو,əhdaːfʊ
اي,i:
بالضبط,bɪðˤːʌbtˤ
طبعا,tˤebʕʌn
فرحة,fəɾħə
كانت,ka:nət
لما,ləm:ə
وصلنا,wsˤɪlnə
المطار,əlmˤʌtˤaːɾ
طبعا,tˤebʕʌn
يعني,jeʕnə
انو,ɪn:u
ووو,u:
رجعنا,ɾdʒɪʕnə
ارض,əɾdˤ
الوطن,əlwˤʌtˤən
كانت,ka:nət
فرحة,fəɾħə
كبيرة,kʌbi:ɾə
صراحة,sˤəɾa:ħə
ااا,aː
واللي,wɪl:ə
خ,xə
زادني,za:dənɪ
فرحة,fəɾħə
انو,ɪn:u
الامير,əlʔ̃əmi:ɾ
سلطان,sʊltˤaːn
رحمة,ɾʌħmət
الله,aɫ:ɔ
عليه,ʕəle:
يعني,jeʕnə
كان,ka:n
متتبع,mɪtətəbːɪʕ
للموضوع,lɪlməwðˤuːʕ
من,mɪn
بدايتو,bɪdaːjətʊ
لنهايتو,lɪnhaːjətʊ
وصلنا,wsˤɪlnə
المطار,əlmˤʌtˤaːɾ
قالو,ga:lʊ
الامير,lʔəmi:ɾ
سس,səs
سلطان,sʊltˤaːn
يود,jəwədːʊ
التحدث,tːəħədːʊθə
اليك,ɪlejk
طبعا,tˤebʕʌn
انا,ənə
هادي,ha:dɪ
ال,əl
كانت,ka:nət
ال,əl
يعني,jeʕnə
زادتني,zaːdətnɪ
فف,fəf
فرحة,fəɾħə
زيادة,zjaːdə
يعني,jeʕnə
انو,ɪn:u
ولاة,wʊlaːt
الامر,əlʔəmɾ
مهتمين,mɪhtəmːin
بلموضوع,bɪlməwdˤuʕ
وبعدين,wʊbəʕdei:n
قااا,gaː
رحمة,ɾəħmət
الله,aɫ:ɔ
عليه,ʕəle:
يعني,jeʕnə
كافأني,kaːfəʔnɪ
بعدين,bəʕdei:n
كلمني,kəlːəmnɪ
قلي,gəl:i
ااا,aː
انتو,ɪntu
ااا,aː
ابطال,əbtˤaːl
الوطن,əlwˤʌtˤən
وصقورها,wsˤʊquːɾəhə
واللي,wɪl:ə
سويتو,səwːeːtuː
شي,ʃej
فخر,fəxɾ
لنا,lənə
قلتلو,gʊltəlːʊ
طال,tˤaːl
عمرك,ʕʊmɾək
هاذا,ha:ðə
واجبي,wa:dʒbɪ
اني,ɪn:i
اسوي,əsəw:i
الشي,əʃ:ei
ذا,ðə
رحنا,ɾʊħnə
طبعا,tˤebʕʌn
الفندق,əlfʊndʊg
بعدها,bəʕdəhə
طبعا,tˤebʕʌn
سوو,səw:ʊ
معانا,mʕa:nə
تا,taː
ااا,aː
لا,laː
قبل,gəbl
التحقيق,ətːəħgiːg
طبعا,tˤebʕʌn
ااا,aː
سوو,səw:ʊ
معانا,mʕa:nə
مقابلات,mʊqabəla:t
و,wu
اذنلي,ʊðɪlːɪ
طبعا,tˤebʕʌn
من,mɪn
قبل,qɪbəl
الخطوط,əlxʊtˤuːtˤ
اني,ɪn:i
اتكلم,ətkəlːəm
لانو,mɪn
الدولة,ədːəwlə
ااا,aː
مدعوم,mədʕuːm
من,mɪn
الدولة,ədːəwlə
وسار,wsaːɾ
في,fi
مقابلات,mʊqabəla:t
ومش,wmʊʃ
عارف,ʕa:ɾɪf
ايش,e:ʃ
ورحنا,wɾʊħnə
الفندق,əlfʊndʊg
طبعا,tˤebʕʌn
ااا,a:
برضو,bəɾdˤu
انا,ənə
مع,məʕ
التعب,ətːəʕəb
رجعت,ɾɪdʒɪʕt
نمت,nʊmt
صليت,sˤəlːeːt
ونمت,ʊnʊmt
قمنا,gʊmnə
الصباح,əsˤːəbaːħ
قالو,gaːlu
ال,əl
ال,əl
الامير,əlʔəmi:ɾ
سلمان,səlmaːn
ااا,aː
ح,ħə
يستقبلكم,jɪstəgbɪlkʊm
في,fɪ
مكتبو,məktəbʊ
طبعا,tˤebʕʌn
ااا,aː
كانت,ka:nət
فرحة,fəɾħə
كبيرة,kəbi:ɾə
انو,ɪn:u
ووو,u:
هاذا,ha:ðə
شرف,ʃəɾəf
لينا,liːnə
انو,ɪn:u
ال,əl
امير,əmiːɾ
الرياد,əɾːɪjaːd
في,fi
دالك,ðaːlɪk
الوقت,elwʌqt
قبل,gəl
ما,maː
ييي,iː
يكون,jɪku:n
ملك,məlɪk
ااا,aː
وخادم,wxaːdɪm
حرمين,əlħəɾəmeːn
الشريفين,əʃːəɾiːfeːn
يستقبلنا,jɪstəgbɪlnə
فمكتبو,fməktəbʊ
هاذا,ha:ðə
شرف,ʃəɾəf
كبير,kəbiːɾ
ليا,lɪjːə
ولزملائي,wʊlzʊməlaːʔɪ
والله,wəɫ:ɔ
رحنا,ɾʊħnə
ال,əl
ااا,aː
اطالع,ətˤaːlɪʕ
فصحف,fɪsˤːʊħʊf
ضابط,ðˤaːbɪtˤ
عسكري,ʕəskəɾɪ
يقوم,jəquːm
ب,bi
ييي,iː
انهاء,ɪnhaːʔ
الاختطاف,əlɪxtɪtˤa:f
بلمساعدت,bɪlmʊsaːʕədət
مساعد,mʊsaːʕɪd
الطيار,ətˤːəjːaːɾ
طارق,tˤaɾɪg
الطيب,ətˤːəjːɪb
الصحف,əsˤːʊħʊf
بلمشتت,bɪlmʃətːɪt
العريض,əlʕəɾiːdˤ
افتح,əftəħ
صحيفة,sˤəħiːfə
الاقيه,laːgiː
افتح,əftəħ
صحيفة,sˤəħiːfə
ثانية,θa:njə
ص,sˤ
اتاريه,ətaːɾiː
اش,ɪʃ
اللي,ɪl:i
سار,sa:ɾ
ال,əl
الواحد,əlwaħɪd
مركاب,mɪɾːʊkːab
ساعدنا,saːʕədnə
في,fi
رمي,ɾəmɪ
المختطف,əlmʊxtətˤɪf
خارج,xaːɾɪdʒ
الطائرة,ətˤːaːʔɪɾə
سار,sa:ɾ
ثوبو,θoːbʊ
كلو,kʊl:u
دم,dəm
جلس,dʒələs
بثوب,bɪθːoːb
اول,əwːəl
ماوصل,ma:wɪsˤɪl
جد,dʒɪd:
اا,a
وصلنا,wsˤɪlnə
الرياض,əɾːəjaːdˤ
شافوه,ʃaːfoː
الصحفيين,sˤːəħəfɪjːiːn
قالو,gaːlʊ
هاذا,ha:ðə
ال,əl
هاذا,ha:ðə
الكل,əlkʊl
فلكل,fɪlkʊl
قلهم,gəlːəhʊm
ايوا,i:wə
انا,ənə
قمت,gʊmt
بالمهمة,bɪlmʊhɪmːa
وساعدني,wsaːʕʌdnɪ
مساعد,mʊsaːʕɪd
طارق,tˤaɾɪg
الطيب,ətˤːəjːɪb
ازعم,əzʕʊm
ايوا,i:wə
حارات,ħaɾaːt
درست,dəɾəst
جدة,dʒɪd:ə
درست,dəɾəst
جدة,dʒɪd:ə
في,fi:
مرحلة,məɾħələ
ااا,a:
يعني,jeʕnə
بعد,beʕd
حادث,ħaːdɪθ
حرب,ħəɾb
الخليج,əlxəliːdʒ
وبذات,wʊbɪðːaːt
يعني,jeʕnə
ما,maː
ادهشني,ʔdhəʃənɪ
انو,ɪn:u
احيانا,əħjənən
كثيرة,kəθiːɾə
وي,wiː
قلوس,gloːs
اوفر,oʊvər
يعني,jeʕnə
نفترض,nɪftəɾɪðˤ
الشي,əʃ:ej
بالتعريف,bɪtːəʕɾiːf
البيروقراطي,əlbiːɾʊqɾaːtˤɪ
حينما,ħiːnəmə
سألت,səʔəlt
الناس,ənːaːs
ايش,e:ʃ
معنى,məʕnə
زواج,zʊwaːdʒ
بنسبة,bɪnːɪsbə
لك,lək
واحد,wa:ħɪd
يقولك,ɪgʊlːək
هذا,ha:ðə
تكملة,təkmɪlət
نصف,nɪsˤf
العمر,əlʕʊmʊɾ
واحذ,waːħɪd
يقولك,jgʊlːək
ابغى,əbɣə
استقر,stʌqɪɾ
واحد,wa:ħɪd
ابقى,əbgə
اكمل,əkəmːɪl
ديني,diːnɪ
واحد,wa:ħɪd
ابغى,əbɣə
كا,ka
وتسمع,wʊtɪsməʕ
رواية,ɾwaːjə
يعني,jeʕnə
مليئة,məliːʔə
بتفاصيل,btəfaːsˤiːl
غير,ɣe:ɾ
التفاصيل,ətːəfasˤiːl
اللي,ɪl:i
انتا,ɪntə
كنت,kʊnt
تظن,tɪðˤʊn
انو,ɪn:u
ازواج,əzwaːdʒ
كلو,kʊl:u
شكل,ʃʌkɪl
واحد,wa:ħɪd
درست,dəɾəst
في,fɪ
جدة,dʒɪd:ə
يعني,jeʕnə
ننن,nː
دفاتر,dəfaːtɪɾ
بعض,bəʕðˤ
المأذونين,əlməʔðuːniːn
تاريح,taːɾiːx
الزواج,əz:ʊwaːdʒ
وحصلت,wħəsˤəlt
انو,ɪn:u
من,mɪn
في,fi
كل,kʊl
فترات,fətɾaːt
بناء,bɪnaːʔən
ع,ʕə
الظروف,əðˤːʊɾuːf
يتغير,jɪtɣej:əɾ
يعني,jeʕnə
يتغير,jɪtɣej:əɾ
احيان,əħjan
يكون,jɪku:n
الجهاز,əldʒɪhaːz
وحتى,wħətːə
يوضحو,jwədˤːɪħʊ
انو,ɪn:u
واللهي,wəɫɔːhɪ
مهم,məhʊm
داخلين,daːxliːn
على,ʕələ
طمع,tˤʌməʕ
ولا,wel:ə
شي,ʃei
كل,kʊlː
ناس,ənːaːs
شايلين,ʃaːjliːn
حاجة,ħa:dʒə
تأتي,təʔtɪ
فترة,fətɾə
الناس,ənːaːs
بس,bəs
تبغى,tɪbɣə
تدفع,tɪdfəʕ
اموال,əmwaːl
بانك,baːnk
نوتس,noːts
فترات,fətɾa:t
يرجعو,jɪɾdʒʕʊ
ويقولك,wɪgʊlːək
لا,la
والله,wəɫ:ə
نستالجا,nəstaːldʒdə
ولازم,wlaːzɪm
نرجع,nɪɾdʒəʕ
هما,hʊmːə
الريالات,əɾːɪjaːlaːt
الفظة,əlfɪðˤːə
و,w
الجنيهات,əldʒɪneːhaːt
الذهب,əð:əhəb
ووو,wuː
ويعني,wjɪʕnɪ
ويأكدو,wiːʔəkːɪdʊ
على,ʕələ
ماكان,maːkaːn
فزمان,fɪzːəmaːn
الاول,əlʔʌw:əl
مو,muː
ريالات,ɾjaːlaːt
فضة,fɪdˤːə
ريالات,ɾjaːlaːt
فضة,fɪdˤːə
سعودية,sʕuːdɪjːə
وريالات,wɾjaːɫaːt
فضة,fɪdˤːə
ملكة,məlɪkət
تريزا,tɪɾiːzə
ولا,wel:ə
ايش,e:ʃ
الهاذ,əlhaːð
الجنيهات,əldʒəneːhaːt
جورج,dʒoːɾdʒ
جنيه,dʒne:h
اعور,əʕwəɾ
ولا,wel:ə
جنيه,dʒne:h
مفتح,mfətːɪħ
ولا,wel:ə
جنيه,dʒne:h
سعودي,sʊʕuːdɪ
ف,fə
يعني,jeʕnə
قلتلك,gʊltəlːək
اذا,əða
تمسك,tɪmsək
كل,kʊlː
بند,bənd
من,mɪn
البنود,əlbʊnuːd
تجد,tədʒɪd
انو,ɪn:u
فالأمور,fəlʕʊmuːɾ
ليست,ləjsət
حتى,ħət:ə
في,fɪ
خلال,xɪlaːl
عقد,ʕəqd
واحد,wa:ħɪd
ااا,a:
فلفترة,fɪlfətɾə
الاخيرة,ləxiːɾə
معاد,məʕaːd
هو,hʊw:ə
ثابث,θaːbɪt
على,ʕələ
شي,ʃej
يعني,jeʕnə
ماكان,maːkaːn
ياخذ,jaxʊð
حتى,ħət:ə
يتغير,jɪtɣej:əɾ
فترة,fətɾə
طويلة,tˤəwiːlə
وا,waː
يصبح,jɪsˤbɪħ
كأن,wəkəʔən
لهو,ləhu
ااا,a:
يعني,jeʕnə
مايعطي,maːjɪʕtˤɪ
لهو,ləhʊ
قيمة,qiːmə
حتى,ħət:ə
لو,ləw
كان,ka:n
قيمة,qiːmə
ااا,a:
اساسية,əsaːsɪjːə
او,əw
دينية,diːnɪjːə
او,əw
كذا,kəðə
اليوم,əljo:m
بيثغير,bɪjɪθɣəjːəɾ
فلعقد,fɪlʕʌqd
الواحد,əlwaħɪd
اكثر,əkθəɾ
من,mɪn
مرة,məɾ:ə
ويتغير,wjɪtɣəjːəɾ
من,mɪn
مسمياتو,mʊsəmːəjaːtʊ
وكذا,wkəðə
فعندنا,fəʕɪndənə
اصبحت,əsˤbˤəħət
ظاهرة,ðˤaːhɪɾə
ظاهرتين,ðaːhɪɾəteːn
متزامنتين,mʊtəzaːmɪnəteːn
طاهرة,tˤahɪɾət
التد,ətːəd
مايسمى,maːjʊsəmːə
بدسكورسف,bɪdːɪskoːɾsɪf
دسكورس,dɪskoːɾs
الخطاب,əlxɪtˤaːb
الاستطرادي,əlɪstɪtˤɾaːdɪ
يعني,jeʕnə
نفس,nəfs
النصوص,ənʊsˤuːsˤ
نفس,nəfs
الاشياء,ələʃjaʔ
بنفسرها,bɪnfəsːɪɾhə
لانو,lənːʊ
ظروفنا,ðˤʊɾuːfəhə
تغيرت,təɣəjːɪɾət
و,ʊ
وظائفها,wəðˤaːʔɪfhə
تغيرت,təɣəjːɪɾət
و,w
الشي,əʃːəj
التاني,ətːaːni
مايسمى,majʊsəmːə
بلكلتشر,bɪlkəltʃəɾ
تشينج,tʃei:ndʒ
تغي,təɣəjː
يعني,jeʕnə
كلشرل,kəlʃəɾəl
ترانزليشن,tɾaːnzleːʃɪn
اسف,aːsɪf
الترجمة,ətːəɾdʒəmə
الثقافية,əθːəqaːfɪjːə
الاشياء,ələʃjaʔ
لم,ləm
تعد,təʕʊd
واصبحت,wəsˤbəħət
عندنا,ʕɪndənə
قواميس,qəwaːmiːs
فترة,fətɾət
الطفرة,ətˤːəfɾə
فترة,fətɾət
المدري,əlmədɾɪ
ايش,e:ʃ
فترة,fətɾət
الهذا,əlhaːðə
اول,əwːəl
كان,ka:n
فترة,fətɾət
الموسم,əlməwsɪm
فترة,fətɾə
البصارة,əlbsˤaːɾə
البصارة,əlbsˤaːɾə
يعني,jeʕnə
الهدوء,əlhʊduːʔ
فدال,fɪdal
م,mə
مافش,maːfɪʃ
الان,əlʔa:n
معاد,məʕaːd
حد,ħəd
يتكلم,jɪtkəlːəm
عن,ʕən
البصارة,əlbsˤaːɾə
وموسم,wməwsɪm
ولا,welə
كذا,kəðə
انتا,ɪntə
عندك,ʕɪndək
بز,bɪz
موسم,məwsɪm
طوال,tˤəwaːl
العام,əlʕaːm
وفداخل,wʊfda:xɪl
البلد,əlbələd
طريقة,tˤəɾi:gət
الاستهلاك,əlɪstɪhlaːk
طريقة,tˤəɾi:gə
الكذا,əlkəðə
كانت,ka:nət
الاعراس,ələʕɾaːs
جماعية,dʒəmaʕɪjːə
اصبحت,əsˤbəħət
الان,əlʔa:n
الاعراس,ələʕɾaːs
يتحملها,jətəħəmːəlhə
او,əw
يقوم,jəquːm
بها,bɪhə
افراد,əfɾaːd
و,wə
يديرها,jʊdiːɾəhə
و,wə
تديرها,tʊdiːɾəhə
شركات,ʃəɾɪkaːt
عكس,ʕəks
ها,ha
كما,kəma
كان,ka:n
اول,əwːəl
فكان,fəkaːn
زواج,zʊwaːdʒ
للحي,lɪlħəj
كلو,kʊl:u
الان,əlʔa:n
ااا,a:
الزواج,əz:ʊwaːdʒ
لي,li
افراد,əfɾaːd
يعني,jeʕnə
حتى,ħət:ə
تسمع,tɪsməʕ
المسميات,mʊsəmːəjaːt
امسيتي,ʊmsɪjətɪ
ليلتي,ləjlətɪ
ليلة,leːlət
عمري,ʕʊmɾɪ
مدري,mədɾɪ
ايه,eː
اول,əwːəl
كان,kan
الزواج,əz:ʊwaːdʒ
للحارة,lɪlħaːɾə
كلها,kʊlːəhə
انا,ənə
مادري,maːdɾɪ
عن,ʕən
المناطق,əlmənaːtˤɪg
الاخرى,əlʔ̃ʊxɾə
لكن,la:kɪn
لما,ləm:ə
كان,kan
ترفد,tɪɾfɪd
كنت,kʊnt
تتوقع,tətwəqːəʕ
اكثر,əkθəɾ
من,mɪn
تسعين,tɪsʕiːn
ف,fɪ
المئة,lmɪʔə
يجيك,jɪdʒiːk
شي,ʃej
اسمو,ɪsmʊ
الر,əɾː
اسمو,ɪsmʊ
المع,əlməʕ
المعشرة,əlməʕʃəɾə
يعني,jeʕnə
عبارة,ʕɪbaːɾə
عن,ʕən
ننن,nː
ااا,a:
طبق,tˤʌbˤʌq
مغطى,mʊɣətˤːə
فيه,fiː
تلاتة,təlaːtə
اربعة,əɾbəʕə
اطباق,ətˤbaːq
ارز,əɾz
مطبوع,mətˤbuːʕ
بطريقة,bɪtˤəɾiːqə
معينة,mʊʕəjːənə
سمبوسة,səmbuːsə
طرمبة,tˤʊɾʊmbə
سلطات,sələtˤaːt
هاذا,ha:ðə
واذا,ɪðə
ماجاك,wmadʒaːk
يعتبر,jʊʕtəbəɾ
تقصير,təqsˤiːɾ
ويسجل,wəjʊsədʒːəl
الرفد,əɾːɪfd
الرفد,əɾːɪfd
اللي,ɪl:i
يجيك,jɪdʒiːk
انتا,ɪntə
ماتتكلف,maːtɪtkəlːəf
ف,fɪ
زواج,zʊwaːdʒ
لانهو,lʔənːəhʊ
النا,ənːa
اما,ɪmːə
تهديك,tɪhdiːk
ملح,məlħ
ااا,aː
ابازير,əbaːziːɾ
ارز,əɾz
ااا,aː
ااا,aː
خرفان,xɪɾfaːn
ال,əl
بعضهم,bˤʌʕðˤəhʊm
يعطي,jəʕtˤɪ
فلوس,fluːs
تنوع,tənəwːʊʕ
ولهذا,wʊlhaðə
يكملولك,jkəmɪluːlək
وكانت,wʊkaːnət
الاسرة,əlʔʊsɾə
القرييي,əlqəɾiː
